Customer_Name,Customer_Age,Gender,Customer_Country,Destination_Country,Number_of_Travellers,Number_of_Adults,Number_of_Children,Hotel_Name,Payment_Method,Booking_Status,Total_Trip_Cost,Transportation_Type
Amir Barrett,-1.7428139706890673,1,India,India,0.4149673713360961,1.3032835860207013,-0.7867236143265409,Mughal Garden Hotel,UPI,0.0,0.002725076797254302,Flight
Anjali Morales,-1.7428139706890673,0,Nepal,India,0.03808665307887338,0.7253292703856743,-0.7867236143265409,Cedar Heights,Debit Card,1.0,-0.10006769397758863,Flight
Esme Zhang,-1.7428139706890673,1,India,Indonesia,0.4149673713360961,-0.43057936088437976,1.2585975540804435,Bali Lotus Villas,UPI,1.0,0.9003895319258396,Flight
Kenzo Vaughn,-1.7428139706890673,0,United Arab Emirates,India,0.03808665307887338,-0.43057936088437976,0.5768238312781154,Indus Valley Retreat,Net Banking,1.0,-0.4022429942726011,Flight
Mateo Barrett,-1.7428139706890673,0,India,India,0.7918480895933189,0.7253292703856743,0.5768238312781154,Misty Valley Retreat,UPI,1.0,-0.7974634750103592,Train
Milan Zuniga,-1.7428139706890673,1,Thailand,India,1.1687288078505416,0.1473749547506473,1.9403712768827717,Tea Garden Retreat,EMI,1.0,-0.2959056451951773,Flight
Mira Reddy,-1.7428139706890673,0,India,Singapore,0.4149673713360961,-0.43057936088437976,1.2585975540804435,Sentosa Bay Resort,Net Banking,1.0,1.8591979627739434,Flight
Nina Calderon,-1.7428139706890673,1,India,Sri Lanka,-0.7156747834355721,-0.43057936088437976,-0.7867236143265409,Lanka Pearl Resort,UPI,1.0,0.009814233402415884,Flight
Omari Darwish,-1.7428139706890673,1,India,Nepal,0.7918480895933189,0.7253292703856743,0.5768238312781154,Himalayan Heritage Hotel,Net Banking,1.0,0.5290949547305017,Flight
Alia Pereira,-1.6350123506093757,0,India,India,1.1687288078505416,0.7253292703856743,1.2585975540804435,Pink City Residency,UPI,1.0,-0.7939188967077785,Train
Amir Kumar,-1.6350123506093757,1,India,India,-1.0925555016927948,-1.0085336765194068,-0.7867236143265409,Desert Moon Resort,Net Banking,1.0,-1.0127966068921423,Train
Ayden Becker,-1.6350123506093757,1,United Arab Emirates,India,0.03808665307887338,0.1473749547506473,-0.10494989152421275,Kashi Heritage Hotel,Debit Card,,0.18615700395581022,Flight
Bodhi Romero,-1.6350123506093757,1,Sri Lanka,India,1.5456095261077643,0.7253292703856743,1.9403712768827717,Coastal Pearl Inn,EMI,1.0,1.9575600106705604,Flight
Callum Singh,-1.6350123506093757,0,India,India,0.03808665307887338,-0.43057936088437976,0.5768238312781154,Yoga Valley Inn,EMI,1.0,-0.2702074525014666,Flight
Dante Laurent,-1.6350123506093757,1,India,Thailand,1.1687288078505416,0.1473749547506473,1.9403712768827717,Siam Riverside Hotel,Digital Wallet,1.0,0.9987515798224565,Flight
Esme Abe,-1.6350123506093757,0,India,India,-0.33879406517834937,0.1473749547506473,-0.7867236143265409,Tea Garden Retreat,Debit Card,0.0,-0.7478393787742281,Car
Freya Amini,-1.6350123506093757,1,India,India,1.5456095261077643,0.1473749547506473,2.6221449996851,Palm Grove Hotel,EMI,1.0,0.1631172449890351,Train
Ibrahim Bashir,-1.6350123506093757,1,United Arab Emirates,India,2.6762516808794325,3.037146532925783,1.2585975540804435,Kashmir Blossom Hotel,Debit Card,1.0,0.21451363037645654,Flight
Isabella Andrade,-1.6350123506093757,1,Australia,India,0.4149673713360961,0.1473749547506473,0.5768238312781154,Snow Pine Retreat,Net Banking,0.0,0.028423269490965037,Flight
Kiara Clarke,-1.6350123506093757,1,India,India,-1.0925555016927948,-1.0085336765194068,-0.7867236143265409,Harbour View Hotel,Net Banking,1.0,-1.0305194984050463,Train
Leo Nguyen,-1.6350123506093757,1,Australia,India,0.7918480895933189,0.7253292703856743,0.5768238312781154,Yoga Valley Inn,EMI,1.0,-0.20108817560114117,Flight
Liam Yamada,-1.6350123506093757,1,India,India,2.2993709626222096,3.037146532925783,0.5768238312781154,Rajputana Grand,Net Banking,1.0,0.8463347128114825,Flight
Naomi Noorani,-1.6350123506093757,0,India,Singapore,0.03808665307887338,0.7253292703856743,-0.7867236143265409,Orchard Central Stay,UPI,1.0,1.7466576016670035,Flight
Nia Hussain,-1.6350123506093757,0,India,India,-0.33879406517834937,0.1473749547506473,-0.7867236143265409,Ladakh Horizon Hotel,Net Banking,1.0,-0.6069423912466417,Flight
Noah Becker,-1.6350123506093757,1,India,India,1.5456095261077643,1.8812379016557284,0.5768238312781154,Lakeview Heritage Hotel,UPI,1.0,1.3975166388627955,Flight
Noah Ferraro,-1.6350123506093757,1,Sri Lanka,United Arab Emirates,0.03808665307887338,0.7253292703856743,-0.7867236143265409,Desert Pearl Resort,UPI,1.0,2.4741822982717103,Flight
Noah Foley,-1.6350123506093757,1,India,India,0.03808665307887338,0.7253292703856743,-0.7867236143265409,Cedar Heights,UPI,0.0,-0.7770821497705197,Car
Norah Harron,-1.6350123506093757,1,Sri Lanka,Thailand,-1.4694362199500175,-1.586487992154434,-0.7867236143265409,Bangkok Garden Suites,UPI,1.0,-0.6025116683684157,Flight
Priya Andrade,-1.6350123506093757,0,India,Indonesia,-0.33879406517834937,0.1473749547506473,-0.7867236143265409,Ubud Forest Retreat,EMI,1.0,0.6974624241030893,Flight
Sofia Calderon,-1.6350123506093757,0,Singapore,India,0.03808665307887338,0.1473749547506473,-0.10494989152421275,Ladakh Horizon Hotel,UPI,1.0,-0.17450383833178523,Flight
Suri Richardson,-1.6350123506093757,0,India,India,-0.33879406517834937,0.1473749547506473,-0.7867236143265409,Fort Kochi Residency,Net Banking,1.0,-0.09652311567500785,Flight
Tara Yilmaz,-1.6350123506093757,1,India,India,1.1687288078505416,0.1473749547506473,1.9403712768827717,Tea Hills Resort,EMI,1.0,1.1157226638076225,Flight
Zaina Mehta,-1.6350123506093757,0,India,Thailand,-1.0925555016927948,-1.0085336765194068,-0.7867236143265409,Sukhumvit Grand,UPI,0.0,-0.8001219087372948,Flight
Zion Amini,-1.6350123506093757,1,India,France,-0.7156747834355721,-0.43057936088437976,-0.7867236143265409,Seine Riverside Hotel,Digital Wallet,1.0,2.2677106121463795,Flight
Amir Patel,-1.5272107305296843,1,Thailand,India,0.03808665307887338,0.7253292703856743,-0.7867236143265409,Taj View Residency,Digital Wallet,1.0,-0.25514299471549823,Flight
Amira Pereira,-1.5272107305296843,1,India,India,1.1687288078505416,0.1473749547506473,1.9403712768827717,Cedar Heights,EMI,1.0,0.5087136294906622,Train
Bodhi Wells,-1.5272107305296843,1,India,Nepal,0.03808665307887338,0.7253292703856743,-0.7867236143265409,Kathmandu Valley Suites,Credit Card,,1.0882521819626214,Flight
Cruz Nakamura,-1.5272107305296843,0,Malaysia,United Arab Emirates,-0.33879406517834937,-0.43057936088437976,-0.10494989152421275,Marina Skyline Hotel,EMI,1.0,0.13298832941709837,Flight
Idris Qureshi,-1.5272107305296843,0,India,India,1.1687288078505416,0.1473749547506473,1.9403712768827717,Ganga Riverside Retreat,Credit Card,1.0,0.7594925443982531,Flight
Jonah Johansson,-1.5272107305296843,0,Thailand,Maldives,-1.4694362199500175,-1.586487992154434,-0.7867236143265409,Coral Lagoon Resort,EMI,1.0,-0.4554116688113129,Flight
Lara Martens,-1.5272107305296843,1,India,India,0.03808665307887338,0.7253292703856743,-0.7867236143265409,Rajputana Grand,Debit Card,1.0,-0.5909917888850281,Car
Leila Zuniga,-1.5272107305296843,0,India,India,-0.7156747834355721,-0.43057936088437976,-0.7867236143265409,Cedar Heights,Debit Card,,-0.4146490183316338,Flight
Malachi Nakamura,-1.5272107305296843,1,Nepal,India,0.4149673713360961,0.7253292703856743,-0.10494989152421275,Lakeview Heritage Hotel,UPI,1.0,-0.2533707055642078,Flight
Mira Bashir,-1.5272107305296843,1,India,India,1.1687288078505416,0.1473749547506473,1.9403712768827717,Fort Kochi Residency,Credit Card,1.0,-0.08411709161597507,Train
Noah Amini,-1.5272107305296843,0,India,Nepal,0.03808665307887338,0.7253292703856743,-0.7867236143265409,Himalayan Heritage Hotel,Credit Card,1.0,1.2849762777558553,Flight
Oscar Vaughn,-1.5272107305296843,1,India,India,-0.33879406517834937,-0.43057936088437976,-0.10494989152421275,Ganga Riverside Retreat,Digital Wallet,1.0,-0.6760616681469671,Train
Priya Carter,-1.5272107305296843,1,India,India,-0.33879406517834937,-1.0085336765194068,0.5768238312781154,Temple View Inn,Net Banking,1.0,-0.9179791372981061,Train
Priya Qureshi,-1.5272107305296843,1,United Arab Emirates,Nepal,0.4149673713360961,1.3032835860207013,-0.7867236143265409,Himalayan Heritage Hotel,UPI,1.0,2.1152937451354057,Flight
Rohan Kumar,-1.5272107305296843,1,India,Sri Lanka,-1.0925555016927948,-1.0085336765194068,-0.7867236143265409,Colombo Ocean Hotel,Credit Card,,-0.8878502217261693,Flight
Salma Romero,-1.5272107305296843,1,India,Maldives,-1.4694362199500175,-1.586487992154434,-0.7867236143265409,Azure Island Villas,Digital Wallet,1.0,-0.23830624777823947,Flight
Talia Hayes,-1.5272107305296843,0,India,India,1.1687288078505416,0.7253292703856743,1.2585975540804435,Cedar Heights,Digital Wallet,1.0,-0.05132974231710276,Flight
Amara Noorani,-1.4194091104499926,1,India,India,0.4149673713360961,0.1473749547506473,0.5768238312781154,Mall Road Retreat,EMI,1.0,0.09399796808870967,Train
Amir Shepherd,-1.4194091104499926,1,India,Sri Lanka,-1.0925555016927948,-1.0085336765194068,-0.7867236143265409,Lanka Pearl Resort,UPI,1.0,-0.98000925759327,Flight
Amira Harrington,-1.4194091104499926,0,Malaysia,India,0.03808665307887338,0.1473749547506473,-0.10494989152421275,Aravalli Palace Inn,Digital Wallet,1.0,-0.8851917879992338,Flight
Amira Harrington,-1.4194091104499926,0,Australia,India,-1.0925555016927948,-1.0085336765194068,-0.7867236143265409,Riverstone Resort,Net Banking,1.0,-1.079257450065532,Flight
Andre Nguyen,-1.4194091104499926,1,Nepal,India,0.03808665307887338,0.1473749547506473,-0.10494989152421275,Snow Pine Retreat,Digital Wallet,1.0,-0.11070142888533101,Flight
Arjun Yilmaz,-1.4194091104499926,0,Sri Lanka,India,-1.4694362199500175,-1.586487992154434,-0.7867236143265409,Himalayan Vista,UPI,1.0,-1.0225441972242395,Flight
Ayden Rivera,-1.4194091104499926,0,United States,Thailand,0.03808665307887338,0.7253292703856743,-0.7867236143265409,Siam Riverside Hotel,EMI,1.0,1.1653467600437537,Flight
Chloe Andrade,-1.4194091104499926,1,United Arab Emirates,India,0.03808665307887338,0.7253292703856743,-0.7867236143265409,Mughal Garden Hotel,EMI,1.0,-0.6707448006930959,Flight
Ethan Qureshi,-1.4194091104499926,0,India,India,-1.0925555016927948,-1.0085336765194068,-0.7867236143265409,Backwater Grand,Credit Card,1.0,-0.8391122700656836,Car
Ezra Kumar,-1.4194091104499926,1,India,India,-0.7156747834355721,-0.43057936088437976,-0.7867236143265409,Palm Grove Hotel,UPI,0.0,-0.886077932574879,Car
Felix Becker,-1.4194091104499926,1,India,India,0.7918480895933189,1.3032835860207013,-0.10494989152421275,Thar Heritage Hotel,UPI,1.0,-0.6370713068185785,Train
Idris O'Connor,-1.4194091104499926,1,India,India,1.5456095261077643,0.7253292703856743,1.9403712768827717,Island Bay Resort,EMI,1.0,-0.10538456143145981,Train
Isaac Desai,-1.4194091104499926,1,India,India,1.5456095261077643,1.3032835860207013,1.2585975540804435,Taj View Residency,Net Banking,1.0,0.2641377266125876,Flight
Jasper Khan,-1.4194091104499926,0,India,India,-1.4694362199500175,-1.586487992154434,-0.7867236143265409,Palm Grove Hotel,UPI,1.0,-0.9011423903608473,Train
Kai Brown,-1.4194091104499926,1,United Arab Emirates,India,-1.4694362199500175,-1.586487992154434,-0.7867236143265409,Snow Pine Retreat,Credit Card,1.0,-0.9091176915416541,Flight
Kai Coleman,-1.4194091104499926,1,India,India,1.5456095261077643,0.7253292703856743,1.9403712768827717,Cedar Heights,UPI,1.0,0.1170377270554848,Train
Liora Hussain,-1.4194091104499926,0,India,India,1.5456095261077643,0.7253292703856743,1.9403712768827717,Taj View Residency,UPI,,-0.28172733198485417,Train
Luca Shepherd,-1.4194091104499926,0,India,India,-0.33879406517834937,0.1473749547506473,-0.7867236143265409,Yoga Valley Inn,EMI,1.0,-0.8169586556745536,Train
Mei Pereira,-1.4194091104499926,0,India,India,1.5456095261077643,0.7253292703856743,1.9403712768827717,Ladakh Horizon Hotel,UPI,1.0,0.29426664218452436,Train
Mei Saeed,-1.4194091104499926,1,India,Thailand,-1.0925555016927948,-1.0085336765194068,-0.7867236143265409,Bangkok Garden Suites,Debit Card,1.0,-0.3295791390696948,Flight
Mei Sato,-1.4194091104499926,0,India,India,0.03808665307887338,0.1473749547506473,-0.10494989152421275,Golden Fort Camp,Debit Card,1.0,-0.2897026331656609,Car
Nia Mendez,-1.4194091104499926,0,India,India,0.03808665307887338,0.1473749547506473,-0.10494989152421275,Himalayan Crown,EMI,1.0,-0.5183279336821219,Car
Nia Yamada,-1.4194091104499926,0,India,Nepal,0.4149673713360961,0.1473749547506473,0.5768238312781154,Himalayan Heritage Hotel,UPI,1.0,0.2419841122214577,Flight
Silas Castro,-1.4194091104499926,1,Canada,India,-1.0925555016927948,-1.0085336765194068,-0.7867236143265409,Kashi Heritage Hotel,EMI,0.0,-0.8470875712464903,Flight
Sofia Alston,-1.4194091104499926,1,India,India,-1.0925555016927948,-1.0085336765194068,-0.7867236143265409,Mughal Garden Hotel,EMI,1.0,-0.9303851613571389,Train
Talia Romano,-1.4194091104499926,1,India,United Kingdom,-1.4694362199500175,-1.586487992154434,-0.7867236143265409,Kensington Park Inn,Net Banking,1.0,0.10551784757209724,Flight
Yasmin Reddy,-1.4194091104499926,0,India,Thailand,-1.0925555016927948,-1.0085336765194068,-0.7867236143265409,Bangkok Garden Suites,Debit Card,1.0,-0.35704962091469594,Flight
Zayd Brown,-1.4194091104499926,0,India,India,-1.4694362199500175,-1.586487992154434,-0.7867236143265409,Mountain Pass Inn,Digital Wallet,1.0,-1.0393809441614983,Car
Andre Calderon,-1.3116074903703012,0,India,Indonesia,-0.7156747834355721,-0.43057936088437976,-0.7867236143265409,Seminyak Beach Resort,Credit Card,0.0,-0.4695899820216361,Flight
Ari Zhang,-1.3116074903703012,1,Sri Lanka,India,0.7918480895933189,0.7253292703856743,0.5768238312781154,Kashmir Blossom Hotel,Debit Card,1.0,0.4289606176825944,Flight
Felix Desai,-1.3116074903703012,1,India,Nepal,0.03808665307887338,0.1473749547506473,-0.10494989152421275,Kathmandu Valley Suites,Debit Card,1.0,0.7399973637340588,Flight
Freya Matthews,-1.3116074903703012,0,India,Indonesia,0.03808665307887338,0.7253292703856743,-0.7867236143265409,Bali Lotus Villas,Digital Wallet,1.0,2.1968190460947636,Flight
Hana Salgado,-1.3116074903703012,0,Thailand,India,1.1687288078505416,0.1473749547506473,1.9403712768827717,Lakeview Heritage Hotel,UPI,1.0,1.7085533849142598,Flight
Hiba Silva,-1.3116074903703012,1,India,India,1.1687288078505416,0.7253292703856743,1.2585975540804435,Connaught Residency,UPI,1.0,0.5131443523688882,Train
Idris Nguyen,-1.3116074903703012,0,India,Singapore,-0.33879406517834937,0.1473749547506473,-0.7867236143265409,Marina Garden Hotel,Debit Card,1.0,0.7568341106713176,Flight
Imani Shepherd,-1.3116074903703012,1,India,India,-0.7156747834355721,-1.0085336765194068,-0.10494989152421275,Spice Coast Hotel,Credit Card,1.0,-0.4297134761176022,Train
Jasper Ali,-1.3116074903703012,0,India,India,1.5456095261077643,1.3032835860207013,1.2585975540804435,Spice Coast Hotel,Digital Wallet,1.0,-0.5085803433500248,Car
Jasper Bennett,-1.3116074903703012,1,Canada,India,0.4149673713360961,1.3032835860207013,-0.7867236143265409,Misty Valley Retreat,EMI,1.0,0.16843411244290626,Flight
Jonah Rivera,-1.3116074903703012,1,India,Nepal,1.5456095261077643,0.7253292703856743,1.9403712768827717,Thamel Garden Inn,Net Banking,,2.1684624196741176,Flight
Keenan Fitzgerald,-1.3116074903703012,1,India,India,-1.0925555016927948,-1.0085336765194068,-0.7867236143265409,Thar Heritage Hotel,UPI,1.0,-1.1749610642352135,Flight
Kenzo Dubois,-1.3116074903703012,1,India,India,1.5456095261077643,0.7253292703856743,1.9403712768827717,Spice Coast Hotel,EMI,0.0,-0.4678176928703457,Car
Kiara Laurent,-1.3116074903703012,1,Sri Lanka,India,0.03808665307887338,0.7253292703856743,-0.7867236143265409,Thar Heritage Hotel,EMI,0.0,0.21008290749823055,Flight
Liam Dubois,-1.3116074903703012,1,India,India,0.03808665307887338,0.1473749547506473,-0.10494989152421275,Himalayan Mist Hotel,EMI,1.0,-0.348188175158244,Flight
Lila Foley,-1.3116074903703012,0,Malaysia,India,1.1687288078505416,0.7253292703856743,1.2585975540804435,Seabreeze Resort,UPI,0.0,0.39883170211065766,Flight
Maira Mendez,-1.3116074903703012,1,India,India,1.5456095261077643,0.7253292703856743,1.9403712768827717,Ganga Ghat Residency,Digital Wallet,0.0,0.36072748535791416,Train
Mateo Johansson,-1.3116074903703012,1,India,Sri Lanka,-0.33879406517834937,0.1473749547506473,-0.7867236143265409,Lanka Pearl Resort,UPI,0.0,0.3341431480885582,Flight
Mei Fitzgerald,-1.3116074903703012,0,India,France,-1.0925555016927948,-1.0085336765194068,-0.7867236143265409,Montmartre Boutique Inn,UPI,0.0,0.46440640070840233,Flight
Mei Mori,-1.3116074903703012,1,India,India,0.03808665307887338,0.7253292703856743,-0.7867236143265409,Gateway Grand,UPI,1.0,0.3935148346567865,Flight
Naomi Morales,-1.3116074903703012,0,India,India,1.1687288078505416,1.3032835860207013,0.5768238312781154,Marine Drive Residency,Debit Card,1.0,0.0807057994540317,Train
Noah Ferraro,-1.3116074903703012,0,United Kingdom,India,-0.33879406517834937,0.1473749547506473,-0.7867236143265409,Cedar Heights,Digital Wallet,1.0,-0.4465502230548609,Flight
Noah Foley,-1.3116074903703012,0,India,Thailand,0.03808665307887338,0.1473749547506473,-0.10494989152421275,Sukhumvit Grand,EMI,1.0,1.4116949520731186,Flight
Noah Johansson,-1.3116074903703012,1,India,Singapore,-0.33879406517834937,0.1473749547506473,-0.7867236143265409,Orchard Central Stay,EMI,1.0,1.8272967580507165,Flight
Noor Reddy,-1.3116074903703012,0,India,India,1.5456095261077643,0.7253292703856743,1.9403712768827717,Kashmir Blossom Hotel,EMI,1.0,0.7887353153945447,Train
Oliver Gonzalez,-1.3116074903703012,1,India,India,-1.0925555016927948,-1.0085336765194068,-0.7867236143265409,Western Ghats Inn,UPI,1.0,-1.2467387748624745,Car
Rami Salgado,-1.3116074903703012,0,United Kingdom,India,-0.33879406517834937,0.1473749547506473,-0.7867236143265409,Coral Sands Hotel,Net Banking,,-0.06019118807355474,Flight
Rami Thompson,-1.3116074903703012,0,India,India,-1.0925555016927948,-1.0085336765194068,-0.7867236143265409,Ganga Riverside Retreat,Digital Wallet,1.0,-0.9135484144198801,Train
Rohan Silva,-1.3116074903703012,1,India,India,-1.0925555016927948,-1.0085336765194068,-0.7867236143265409,Coral Sands Hotel,Debit Card,1.0,-1.0624207031282733,Car
Saanvi Laurent,-1.3116074903703012,0,India,India,1.5456095261077643,1.3032835860207013,1.2585975540804435,Lakeview Heritage Hotel,Digital Wallet,1.0,0.1586865221108091,Train
Salma Gonzalez,-1.3116074903703012,1,India,Sri Lanka,1.1687288078505416,0.1473749547506473,1.9403712768827717,Colombo Ocean Hotel,UPI,1.0,2.777243743142368,Flight
Suri Davis,-1.3116074903703012,1,United States,Thailand,-1.0925555016927948,-1.0085336765194068,-0.7867236143265409,Bangkok Garden Suites,Digital Wallet,1.0,-0.5431399818001875,Flight
Tara Bashir,-1.3116074903703012,1,India,United Kingdom,-0.33879406517834937,-1.0085336765194068,0.5768238312781154,London Heritage Suites,UPI,1.0,1.7395684450618418,Flight
Thiago Bennett,-1.3116074903703012,0,India,United Arab Emirates,1.1687288078505416,0.7253292703856743,1.2585975540804435,Downtown Dubai Suites,Net Banking,1.0,1.1697774829219796,Flight
Zara Darwish,-1.3116074903703012,1,India,United Arab Emirates,-0.7156747834355721,-0.43057936088437976,-0.7867236143265409,Desert Pearl Resort,UPI,,0.021334112885803454,Flight
Alina Duarte,-1.2038058702906096,0,India,India,0.03808665307887338,0.7253292703856743,-0.7867236143265409,Palm Grove Hotel,UPI,,-0.3703417895493739,Train
Amara Clarke,-1.2038058702906096,0,India,United Arab Emirates,0.7918480895933189,0.7253292703856743,0.5768238312781154,Downtown Dubai Suites,UPI,1.0,1.3505509763536,Flight
Amira Silva,-1.2038058702906096,0,United Arab Emirates,India,-1.4694362199500175,-1.586487992154434,-0.7867236143265409,Tea Garden Retreat,UPI,1.0,-1.0597622694013378,Flight
Andre Romano,-1.2038058702906096,1,India,Indonesia,0.03808665307887338,0.1473749547506473,-0.10494989152421275,Bali Lotus Villas,Credit Card,1.0,1.3966304942871504,Flight
Ari Yamada,-1.2038058702906096,1,India,Sri Lanka,-1.0925555016927948,-1.0085336765194068,-0.7867236143265409,Lanka Pearl Resort,UPI,0.0,-0.9463357637187525,Flight
Callum Becker,-1.2038058702906096,1,Sri Lanka,India,1.5456095261077643,1.3032835860207013,1.2585975540804435,Port Blair Retreat,Digital Wallet,1.0,2.139219648677826,Flight
Callum Moreira,-1.2038058702906096,0,India,India,0.03808665307887338,0.7253292703856743,-0.7867236143265409,Tea Hills Resort,Net Banking,1.0,-0.9410188962648812,Train
Cruz Nakamura,-1.2038058702906096,0,India,Sri Lanka,1.1687288078505416,0.7253292703856743,1.2585975540804435,Cinnamon Garden Stay,Debit Card,1.0,0.5131443523688882,Flight
Elias Nair,-1.2038058702906096,0,India,India,1.5456095261077643,0.7253292703856743,1.9403712768827717,Indus Valley Retreat,UPI,1.0,0.12058230535806559,Car
Elias Ocampo,-1.2038058702906096,1,India,India,-1.4694362199500175,-1.586487992154434,-0.7867236143265409,Snow Pine Retreat,Digital Wallet,0.0,-1.1740749196595683,Car
Ethan Stewart,-1.2038058702906096,1,India,India,-1.0925555016927948,-1.586487992154434,-0.10494989152421275,Connaught Residency,Net Banking,1.0,-1.2281297387739254,Car
Imani Calderon,-1.2038058702906096,1,India,India,0.03808665307887338,0.7253292703856743,-0.7867236143265409,Dal Lake Residency,Digital Wallet,1.0,-0.006136368959197675,Train
Ivy Takahashi,-1.2038058702906096,0,India,India,-1.0925555016927948,-1.0085336765194068,-0.7867236143265409,Desert Moon Resort,UPI,1.0,-0.9587417877777852,Train
Kairo Hollis,-1.2038058702906096,1,Canada,India,1.1687288078505416,0.7253292703856743,1.2585975540804435,Mountain Pass Inn,EMI,0.0,0.8312702550255141,Flight
Kairo Noorani,-1.2038058702906096,0,India,India,1.1687288078505416,0.7253292703856743,1.2585975540804435,Himalayan Vista,Net Banking,0.0,0.7887353153945447,Train
Kenzo Romero,-1.2038058702906096,0,India,India,2.6762516808794325,1.8812379016557284,2.6221449996851,Golden Fort Camp,Digital Wallet,0.0,-0.5493429938297039,Car
Kiara Duarte,-1.2038058702906096,1,United Arab Emirates,India,1.1687288078505416,0.1473749547506473,1.9403712768827717,Thar Heritage Hotel,Credit Card,1.0,1.5215768794531233,Flight
Lara Atkinson,-1.2038058702906096,1,India,India,0.4149673713360961,1.3032835860207013,-0.7867236143265409,Gateway Grand,UPI,1.0,-0.5449122709514779,Flight
Leila Mori,-1.2038058702906096,0,India,Thailand,-1.0925555016927948,-1.0085336765194068,-0.7867236143265409,Siam Riverside Hotel,UPI,1.0,-0.7327749209882598,Flight
Lila Foley,-1.2038058702906096,1,Malaysia,India,1.1687288078505416,0.7253292703856743,1.2585975540804435,Yamuna Heritage Inn,UPI,1.0,0.6434076049887323,Flight
Luca Ocampo,-1.2038058702906096,1,India,India,1.5456095261077643,0.7253292703856743,1.9403712768827717,Indus Valley Retreat,UPI,1.0,0.5095997740663074,Car
Mateo Hussain,-1.2038058702906096,1,India,India,-1.4694362199500175,-1.586487992154434,-0.7867236143265409,Taj View Residency,Debit Card,1.0,-1.190911666596827,Car
Mei Rivera,-1.2038058702906096,0,India,India,1.5456095261077643,0.7253292703856743,1.9403712768827717,Cedar Heights,Digital Wallet,1.0,0.6522690507451843,Train
Mia Castro,-1.2038058702906096,1,India,India,0.03808665307887338,0.1473749547506473,-0.10494989152421275,Lakeview Heritage Hotel,Debit Card,1.0,0.16932025701855147,Car
Mia Nair,-1.2038058702906096,1,India,India,0.03808665307887338,0.7253292703856743,-0.7867236143265409,Mall Road Retreat,EMI,1.0,-0.7974634750103592,Car
Mia Stewart,-1.2038058702906096,0,United States,Nepal,0.03808665307887338,0.1473749547506473,-0.10494989152421275,Thamel Garden Inn,EMI,0.0,0.777215435911157,Flight
Nia Nair,-1.2038058702906096,0,Australia,Thailand,1.1687288078505416,1.3032835860207013,0.5768238312781154,Bangkok Garden Suites,Credit Card,1.0,2.6540696471276854,Flight
Niko Singh,-1.2038058702906096,0,India,Thailand,0.03808665307887338,0.7253292703856743,-0.7867236143265409,Bangkok Garden Suites,Digital Wallet,1.0,1.1059750734755254,Flight
Nolan Mendez,-1.2038058702906096,1,Nepal,Thailand,-0.33879406517834937,0.1473749547506473,-0.7867236143265409,Bangkok Garden Suites,UPI,1.0,0.08336423318096729,Flight
Norah Schneider,-1.2038058702906096,1,India,India,0.03808665307887338,-0.43057936088437976,0.5768238312781154,Indus Valley Retreat,EMI,0.0,-0.9197514264493966,Train
Reina Ivanova,-1.2038058702906096,0,India,United Arab Emirates,-1.0925555016927948,-1.0085336765194068,-0.7867236143265409,Desert Pearl Resort,UPI,1.0,0.1959045942879074,Flight
Silas Shepherd,-1.2038058702906096,1,India,United Arab Emirates,-1.0925555016927948,-1.0085336765194068,-0.7867236143265409,Desert Pearl Resort,UPI,1.0,-0.702646005416323,Flight
Sofia Darwish,-1.2038058702906096,1,India,United Kingdom,-1.0925555016927948,-1.0085336765194068,-0.7867236143265409,London Heritage Suites,UPI,1.0,0.803799773180513,Flight
Sofia Kowalski,-1.2038058702906096,1,India,India,-0.7156747834355721,-0.43057936088437976,-0.7867236143265409,Royal Courtyard Udaipur,Credit Card,1.0,-0.36413877751985757,Car
Yasmin Schneider,-1.2038058702906096,1,India,United Kingdom,-1.4694362199500175,-1.586487992154434,-0.7867236143265409,Thames Central Hotel,Debit Card,,-0.22235564541662592,Flight
Zaina Rahman,-1.2038058702906096,1,India,India,0.4149673713360961,1.3032835860207013,-0.7867236143265409,Coastal Pearl Inn,UPI,1.0,-0.1922267298446892,Car
Amira Romero,-1.0960042502109182,0,India,India,0.03808665307887338,-0.43057936088437976,0.5768238312781154,Western Ghats Inn,UPI,,-0.11956287464178299,Flight
Andre Hussain,-1.0960042502109182,0,India,India,-1.0925555016927948,-1.0085336765194068,-0.7867236143265409,Tea Garden Retreat,Net Banking,0.0,-0.9224098601763321,Train
Anjali Nair,-1.0960042502109182,1,India,France,-0.33879406517834937,0.1473749547506473,-0.7867236143265409,Seine Riverside Hotel,Debit Card,,2.991690730448506,Flight
Avani Morales,-1.0960042502109182,0,Thailand,Singapore,0.03808665307887338,-0.43057936088437976,0.5768238312781154,Sentosa Bay Resort,Digital Wallet,1.0,2.5548214546554235,Flight
Chloe Morales,-1.0960042502109182,1,India,India,-0.7156747834355721,-0.43057936088437976,-0.7867236143265409,Misty Valley Retreat,Net Banking,0.0,-0.9224098601763321,Flight
Elias Hussain,-1.0960042502109182,1,India,India,-0.33879406517834937,0.1473749547506473,-0.7867236143265409,Seabreeze Resort,Net Banking,1.0,-0.42439660866373097,Train
Elias Kim,-1.0960042502109182,0,India,India,0.7918480895933189,1.8812379016557284,-0.7867236143265409,Spice Coast Hotel,EMI,1.0,-0.1922267298446892,Train
Elijah Lambert,-1.0960042502109182,0,India,Indonesia,-1.4694362199500175,-1.586487992154434,-0.7867236143265409,Ubud Forest Retreat,Credit Card,0.0,-0.5803580539772858,Flight
Gemma Becker,-1.0960042502109182,0,India,India,0.4149673713360961,-0.43057936088437976,1.2585975540804435,Port Blair Retreat,Credit Card,0.0,0.4803570030700159,Train
Jace Davis,-1.0960042502109182,1,United States,India,1.5456095261077643,0.7253292703856743,1.9403712768827717,Himalayan Mist Hotel,Debit Card,1.0,1.0377419411508453,Flight
Lara Singh,-1.0960042502109182,0,Sri Lanka,India,1.1687288078505416,1.3032835860207013,0.5768238312781154,Harbour View Hotel,Credit Card,1.0,2.0178178418144337,Flight
Lyra Schneider,-1.0960042502109182,0,Canada,Thailand,0.03808665307887338,0.7253292703856743,-0.7867236143265409,Siam Riverside Hotel,UPI,1.0,1.1777527841027864,Flight
Maaya Rivera,-1.0960042502109182,0,India,United Arab Emirates,-1.4694362199500175,-1.586487992154434,-0.7867236143265409,Downtown Dubai Suites,Net Banking,1.0,-0.9764646792906891,Flight
Naomi Pereira,-1.0960042502109182,1,Sri Lanka,India,1.5456095261077643,0.7253292703856743,1.9403712768827717,Spice Coast Hotel,Debit Card,1.0,0.16843411244290626,Flight
Niko Wells,-1.0960042502109182,0,India,India,1.1687288078505416,0.1473749547506473,1.9403712768827717,Mountain Pass Inn,Credit Card,1.0,0.13298832941709837,Train
Noah Johansson,-1.0960042502109182,1,India,India,-0.33879406517834937,0.1473749547506473,-0.7867236143265409,Capital Grand Hotel,Credit Card,1.0,-0.8001219087372948,Car
Sofia Kumar,-1.0960042502109182,1,India,United Arab Emirates,0.03808665307887338,0.7253292703856743,-0.7867236143265409,Downtown Dubai Suites,Debit Card,0.0,1.2734563982724678,Flight
Yasmin Banerjee,-1.0960042502109182,0,India,India,1.1687288078505416,1.3032835860207013,0.5768238312781154,Ganga Ghat Residency,Credit Card,1.0,-0.7451809450472926,Train
Yusuf Rossi,-1.0960042502109182,0,India,India,0.4149673713360961,0.1473749547506473,0.5768238312781154,Chinar Grand,Debit Card,1.0,0.6504967615938938,Flight
Zaina Becker,-1.0960042502109182,1,India,Sri Lanka,0.03808665307887338,0.7253292703856743,-0.7867236143265409,Lanka Pearl Resort,Credit Card,1.0,-0.24805383811033666,Flight
Zayd Lin,-1.0960042502109182,1,United Kingdom,India,-1.0925555016927948,-1.586487992154434,-0.10494989152421275,Palm Grove Hotel,Credit Card,1.0,-0.8807610651210078,Flight
Aisha Johansson,-0.9882026301312266,0,India,India,-1.0925555016927948,-1.0085336765194068,-0.7867236143265409,Beas Valley Resort,UPI,1.0,-1.1802779316890846,Car
Amara Fontaine,-0.9882026301312266,1,India,India,0.7918480895933189,0.7253292703856743,0.5768238312781154,Ganga Riverside Retreat,Credit Card,1.0,-0.4979466084422824,Train
Ava Ocampo,-0.9882026301312266,1,India,India,-0.7156747834355721,-1.0085336765194068,-0.10494989152421275,Ganga Riverside Retreat,Debit Card,1.0,-0.7646761257114869,Train
Ayden Abdul,-0.9882026301312266,1,India,India,-1.0925555016927948,-1.0085336765194068,-0.7867236143265409,Riverstone Resort,Credit Card,1.0,-1.078371305489887,Car
Ayden Lambert,-0.9882026301312266,1,India,India,1.1687288078505416,0.1473749547506473,1.9403712768827717,Harbour View Hotel,UPI,1.0,-0.567952029918253,Train
Ayden Romano,-0.9882026301312266,0,India,India,1.1687288078505416,0.1473749547506473,1.9403712768827717,Temple View Inn,Net Banking,1.0,-0.182479139512592,Train
Bodhi Martens,-0.9882026301312266,0,India,India,0.03808665307887338,0.7253292703856743,-0.7867236143265409,Gateway Grand,UPI,1.0,0.29515278676016954,Train
Elijah Moreira,-0.9882026301312266,0,Canada,India,0.4149673713360961,0.1473749547506473,0.5768238312781154,Lakeview Heritage Hotel,EMI,1.0,0.29072206388194355,Flight
Elina Nguyen,-0.9882026301312266,1,United States,India,-1.0925555016927948,-1.0085336765194068,-0.7867236143265409,Cedar Heights,Debit Card,1.0,-0.7948050412834237,Flight
Elise Dubois,-0.9882026301312266,1,India,Thailand,0.4149673713360961,0.1473749547506473,0.5768238312781154,Sukhumvit Grand,Debit Card,1.0,0.37136122026565654,Flight
Elise Patel,-0.9882026301312266,0,India,India,1.1687288078505416,0.7253292703856743,1.2585975540804435,Royal Courtyard Udaipur,Digital Wallet,1.0,0.7116407373134125,Train
Ethan Pereira,-0.9882026301312266,1,United States,India,-0.33879406517834937,-0.43057936088437976,-0.10494989152421275,Chinar Grand,Digital Wallet,,-0.05398817604403835,Flight
Freya Rossi,-0.9882026301312266,0,India,United Arab Emirates,-1.0925555016927948,-1.0085336765194068,-0.7867236143265409,Desert Pearl Resort,Credit Card,1.0,0.0798196548783865,Flight
Gemma Sato,-0.9882026301312266,0,United Arab Emirates,Nepal,0.7918480895933189,0.7253292703856743,0.5768238312781154,Kathmandu Valley Suites,Credit Card,1.0,1.161802181741173,Flight
Gemma Yilmaz,-0.9882026301312266,0,India,India,1.5456095261077643,0.7253292703856743,1.9403712768827717,Ladakh Horizon Hotel,EMI,1.0,-0.2356478140513039,Train
Ibrahim Brown,-0.9882026301312266,1,India,India,-1.0925555016927948,-1.0085336765194068,-0.7867236143265409,Island Bay Resort,Net Banking,1.0,-0.9020285349364926,Train
Kiara Banerjee,-0.9882026301312266,1,India,Nepal,-0.33879406517834937,0.1473749547506473,-0.7867236143265409,Thamel Garden Inn,UPI,1.0,0.40149013583759324,Flight
Leila Yamada,-0.9882026301312266,0,Malaysia,India,-1.0925555016927948,-1.0085336765194068,-0.7867236143265409,Gateway Grand,Digital Wallet,0.0,-0.7903743184051977,Flight
Liam Becker,-0.9882026301312266,1,India,India,0.03808665307887338,0.1473749547506473,-0.10494989152421275,Harbour View Hotel,UPI,0.0,0.498966039158565,Train
Lila Yamada,-0.9882026301312266,1,India,India,1.5456095261077643,0.7253292703856743,1.9403712768827717,Cedar Heights,UPI,0.0,-0.707076728294549,Train
Maira Joshi,-0.9882026301312266,0,India,India,1.1687288078505416,0.1473749547506473,1.9403712768827717,Backwater Grand,EMI,0.0,0.7027792915569605,Flight
Mateo Khan,-0.9882026301312266,1,Sri Lanka,India,1.5456095261077643,3.037146532925783,-0.7867236143265409,Port Blair Retreat,Digital Wallet,0.0,1.749316035393939,Flight
Milan Reddy,-0.9882026301312266,0,United Kingdom,India,-1.0925555016927948,-1.586487992154434,-0.10494989152421275,Capital Grand Hotel,UPI,0.0,-1.1581243172979547,Flight
Mira Stewart,-0.9882026301312266,1,India,Sri Lanka,0.4149673713360961,0.7253292703856743,-0.10494989152421275,Lanka Pearl Resort,Credit Card,1.0,2.152511817312504,Flight
Nina Persaud,-0.9882026301312266,1,United Kingdom,India,0.4149673713360961,0.1473749547506473,0.5768238312781154,Connaught Residency,UPI,1.0,0.21096905207387576,Flight
Nolan Mohammed,-0.9882026301312266,1,India,India,0.4149673713360961,0.1473749547506473,0.5768238312781154,Himalayan Vista,UPI,1.0,0.5016244728855006,Train
Nolan Persaud,-0.9882026301312266,1,India,Indonesia,0.03808665307887338,-0.43057936088437976,0.5768238312781154,Bali Lotus Villas,EMI,1.0,0.44313893089291756,Flight
Oscar Ferraro,-0.9882026301312266,1,Malaysia,India,1.5456095261077643,0.7253292703856743,1.9403712768827717,Riverstone Resort,EMI,1.0,-0.21349419966017394,Flight
Reina Duarte,-0.9882026301312266,1,India,India,-1.0925555016927948,-1.0085336765194068,-0.7867236143265409,Indus Valley Retreat,EMI,1.0,-0.8151863665232632,Train
Reina Lim,-0.9882026301312266,0,India,India,-1.0925555016927948,-1.0085336765194068,-0.7867236143265409,Dal Lake Residency,UPI,,-1.0978664861540812,Flight
Remy Reddy,-0.9882026301312266,0,Canada,India,0.03808665307887338,0.7253292703856743,-0.7867236143265409,Coral Sands Hotel,Digital Wallet,0.0,-0.02740383877468242,Flight
Zaina Rahman,-0.9882026301312266,1,India,India,-0.33879406517834937,0.1473749547506473,-0.7867236143265409,Cedar Heights,Digital Wallet,1.0,-0.5520014275566395,Car
Zaina Yamada,-0.9882026301312266,0,United Arab Emirates,India,-0.7156747834355721,-0.43057936088437976,-0.7867236143265409,Cedar Heights,Digital Wallet,0.0,-1.0500146790692406,Flight
Zara Hollis,-0.9882026301312266,1,Canada,India,-0.33879406517834937,0.1473749547506473,-0.7867236143265409,Coastal Pearl Inn,Net Banking,,-0.13994419988162252,Flight
Aisha Pereira,-0.880401010051535,0,Sri Lanka,India,-0.33879406517834937,0.1473749547506473,-0.7867236143265409,Tea Garden Retreat,UPI,1.0,-0.39072311478921345,Flight
Amir Kowalski,-0.880401010051535,1,United States,India,-1.0925555016927948,-1.0085336765194068,-0.7867236143265409,Mughal Garden Hotel,UPI,1.0,-1.2458526302868294,Flight
Arjun Davis,-0.880401010051535,1,India,India,-1.4694362199500175,-1.586487992154434,-0.7867236143265409,Cedar Heights,EMI,1.0,-1.0358363658589174,Car
Chloe Ivanova,-0.880401010051535,1,India,India,1.1687288078505416,1.3032835860207013,0.5768238312781154,Fort Kochi Residency,UPI,1.0,0.4023762804132385,Train
Dhruv Verma,-0.880401010051535,0,India,India,-1.0925555016927948,-1.0085336765194068,-0.7867236143265409,Himalayan Crown,Debit Card,1.0,-0.9862122696227863,Car
Elina Johansson,-0.880401010051535,1,India,India,1.1687288078505416,0.7253292703856743,1.2585975540804435,Lakeview Heritage Hotel,Net Banking,1.0,-0.21260805508452874,Flight
Elise Harron,-0.880401010051535,1,India,India,-0.7156747834355721,-1.0085336765194068,-0.10494989152421275,Tea Hills Resort,Digital Wallet,1.0,-0.7841713063756812,Train
Esme Aziz,-0.880401010051535,0,India,India,-0.7156747834355721,-0.43057936088437976,-0.7867236143265409,Himalayan Mist Hotel,Credit Card,1.0,-0.4651592591434101,Car
Ezra Morales,-0.880401010051535,1,Canada,India,1.1687288078505416,0.1473749547506473,1.9403712768827717,Thar Heritage Hotel,UPI,0.0,0.44402507546856274,Flight
Isaac Flynn,-0.880401010051535,1,United Kingdom,India,-1.0925555016927948,-1.0085336765194068,-0.7867236143265409,Taj View Residency,UPI,0.0,-1.0668514260064994,Flight
Ivy Alston,-0.880401010051535,1,India,India,1.5456095261077643,0.7253292703856743,1.9403712768827717,Amber Heritage Stay,EMI,1.0,0.2898359193062984,Car
Kairo Sterling,-0.880401010051535,0,India,India,-0.33879406517834937,0.1473749547506473,-0.7867236143265409,Golden Fort Camp,EMI,1.0,-0.5564321504348655,Flight
Kian Bashir,-0.880401010051535,0,India,India,0.4149673713360961,-0.43057936088437976,1.2585975540804435,Tea Garden Retreat,UPI,0.0,-0.18602371781517282,Train
Kiara Andrade,-0.880401010051535,1,India,India,-1.0925555016927948,-1.0085336765194068,-0.7867236143265409,Snow Pine Retreat,Net Banking,0.0,-1.1288815463016633,Car
Kiara Hollis,-0.880401010051535,1,India,India,-1.0925555016927948,-1.0085336765194068,-0.7867236143265409,Pink City Residency,Digital Wallet,1.0,-0.9454496191431072,Flight
Mateo Abdul,-0.880401010051535,0,Canada,Singapore,0.4149673713360961,-0.43057936088437976,1.2585975540804435,Sentosa Bay Resort,UPI,1.0,0.965078085947939,Flight
Noor Noorani,-0.880401010051535,1,Thailand,India,0.7918480895933189,1.3032835860207013,-0.10494989152421275,Gateway Grand,EMI,,-0.04867130859016717,Flight
Priya Kumar,-0.880401010051535,0,India,India,0.03808665307887338,0.7253292703856743,-0.7867236143265409,Ganga Ghat Residency,EMI,0.0,-0.20906347678194795,Car
Ronan Schneider,-0.880401010051535,0,India,India,1.5456095261077643,1.3032835860207013,1.2585975540804435,Cedar Heights,UPI,1.0,1.247758205578757,Flight
Saanvi Dubois,-0.880401010051535,1,India,Singapore,1.5456095261077643,0.7253292703856743,1.9403712768827717,Orchard Central Stay,Debit Card,0.0,2.8339569959836606,Flight
Salma Saeed,-0.880401010051535,1,Canada,India,1.5456095261077643,0.7253292703856743,1.9403712768827717,Beas Valley Resort,Digital Wallet,1.0,0.8135473635126103,Flight
Zaina Desai,-0.880401010051535,0,Singapore,India,-1.4694362199500175,-1.586487992154434,-0.7867236143265409,Island Bay Resort,UPI,1.0,-0.8408845592169739,Flight
Zara Lambert,-0.880401010051535,0,India,India,-1.0925555016927948,-1.0085336765194068,-0.7867236143265409,Mall Road Retreat,Debit Card,1.0,-1.0934357632758553,Car
Alia Matthews,-0.7725993899718435,0,Thailand,Indonesia,0.4149673713360961,-0.43057936088437976,1.2585975540804435,Seminyak Beach Resort,UPI,0.0,2.7391395263896245,Flight
Anaya Coleman,-0.7725993899718435,1,Thailand,United Arab Emirates,0.03808665307887338,-1.0085336765194068,1.2585975540804435,Marina Skyline Hotel,UPI,0.0,0.9057063993797108,Flight
Andre Castro,-0.7725993899718435,1,India,India,0.4149673713360961,0.1473749547506473,0.5768238312781154,Chinar Grand,Net Banking,1.0,0.15071122093000233,Train
Anjali Banerjee,-0.7725993899718435,0,India,India,-0.33879406517834937,0.1473749547506473,-0.7867236143265409,Heritage Delhi Inn,Debit Card,1.0,-0.5130110662282508,Car
Anjali Schneider,-0.7725993899718435,1,India,France,0.4149673713360961,0.1473749547506473,0.5768238312781154,Paris Garden Suites,Digital Wallet,1.0,2.836615429710596,Flight
Caleb Yamada,-0.7725993899718435,1,India,United Kingdom,-1.0925555016927948,-1.586487992154434,-0.10494989152421275,Thames Central Hotel,Credit Card,1.0,0.5042829066124362,Flight
Cruz Lambert,-0.7725993899718435,0,India,India,-1.4694362199500175,-1.586487992154434,-0.7867236143265409,Temple View Inn,UPI,1.0,-1.177619497962149,Car
Dante Fontaine,-0.7725993899718435,1,India,India,-1.0925555016927948,-1.0085336765194068,-0.7867236143265409,Snow Pine Retreat,EMI,1.0,-1.0083658840139162,Flight
Dante Sterling,-0.7725993899718435,0,India,India,-1.0925555016927948,-1.0085336765194068,-0.7867236143265409,Kashi Heritage Hotel,Digital Wallet,1.0,-1.2299020279252157,Car
Dhruv Ivanova,-0.7725993899718435,1,India,India,0.4149673713360961,-0.43057936088437976,1.2585975540804435,Misty Valley Retreat,Credit Card,1.0,0.06386905251677294,Flight
Esme Flynn,-0.7725993899718435,0,Thailand,France,-1.0925555016927948,-1.0085336765194068,-0.7867236143265409,Paris Garden Suites,UPI,1.0,0.1967907388635526,Flight
Ezra Patel,-0.7725993899718435,1,India,India,-0.33879406517834937,0.1473749547506473,-0.7867236143265409,Mughal Garden Hotel,UPI,1.0,-0.8736719085158462,Flight
Indira Romano,-0.7725993899718435,0,India,Nepal,0.7918480895933189,0.7253292703856743,0.5768238312781154,Thamel Garden Inn,Credit Card,1.0,0.1959045942879074,Flight
Indira Shukla,-0.7725993899718435,1,India,India,0.4149673713360961,0.1473749547506473,0.5768238312781154,Seabreeze Resort,Credit Card,1.0,-0.9153207035711706,Train
Isabella Nair,-0.7725993899718435,1,India,India,-1.0925555016927948,-1.0085336765194068,-0.7867236143265409,Cedar Heights,Credit Card,1.0,-1.1971146786263434,Car
Isabella Rivera,-0.7725993899718435,0,United States,India,-1.0925555016927948,-1.586487992154434,-0.10494989152421275,Tea Hills Resort,Net Banking,1.0,-1.0633068477039185,Flight
Jasper Rahman,-0.7725993899718435,1,India,India,0.03808665307887338,0.7253292703856743,-0.7867236143265409,Marine Drive Residency,EMI,1.0,-0.5103526325013151,Train
Kenzo Darwish,-0.7725993899718435,0,India,India,0.03808665307887338,0.7253292703856743,-0.7867236143265409,Himalayan Mist Hotel,UPI,1.0,-0.3916092593648587,Car
Lara Schneider,-0.7725993899718435,0,India,India,-0.33879406517834937,-0.43057936088437976,-0.10494989152421275,Himalayan Vista,EMI,1.0,-0.6858092584790643,Train
Leila Nakamura,-0.7725993899718435,0,India,Sri Lanka,1.1687288078505416,0.7253292703856743,1.2585975540804435,Cinnamon Garden Stay,Digital Wallet,1.0,2.598242538862038,Flight
Liora Thompson,-0.7725993899718435,1,India,India,0.03808665307887338,0.1473749547506473,-0.10494989152421275,Taj View Residency,Credit Card,0.0,-0.22324178999227112,Flight
Mateo Martens,-0.7725993899718435,1,United States,United Arab Emirates,1.1687288078505416,2.459192217290756,-0.7867236143265409,Desert Pearl Resort,Digital Wallet,,3.05372085074367,Flight
Mira Andrade,-0.7725993899718435,1,India,India,-0.33879406517834937,0.1473749547506473,-0.7867236143265409,Kashi Heritage Hotel,Digital Wallet,1.0,-0.7602454028332609,Car
Nia Kassem,-0.7725993899718435,1,India,India,-1.0925555016927948,-1.0085336765194068,-0.7867236143265409,Yamuna Heritage Inn,UPI,,-0.984439980471496,Train
Nina Walker,-0.7725993899718435,1,India,Sri Lanka,1.1687288078505416,0.7253292703856743,1.2585975540804435,Colombo Ocean Hotel,UPI,1.0,1.4320762773129583,Flight
Nolan Saeed,-0.7725993899718435,0,India,Thailand,-0.33879406517834937,0.1473749547506473,-0.7867236143265409,Siam Riverside Hotel,UPI,1.0,0.12767146196322718,Flight
Noor Walker,-0.7725993899718435,1,Malaysia,India,-1.4694362199500175,-1.586487992154434,-0.7867236143265409,Heritage Delhi Inn,UPI,1.0,-1.1138170885156948,Flight
Oscar Ivanova,-0.7725993899718435,1,Canada,India,-1.0925555016927948,-1.0085336765194068,-0.7867236143265409,Indus Valley Retreat,Digital Wallet,,-0.8701273302132655,Flight
Rohan Persaud,-0.7725993899718435,1,India,India,1.5456095261077643,1.3032835860207013,1.2585975540804435,Amber Heritage Stay,Debit Card,1.0,-0.3535050426121152,Flight
Rohan Sato,-0.7725993899718435,0,India,India,1.5456095261077643,3.037146532925783,-0.7867236143265409,Himalayan Crown,UPI,0.0,0.36249977450920456,Train
Saanvi Rivera,-0.7725993899718435,0,Thailand,India,1.5456095261077643,0.7253292703856743,1.9403712768827717,Western Ghats Inn,UPI,1.0,0.10640399214774243,Flight
Salma Harron,-0.7725993899718435,1,Australia,Nepal,0.03808665307887338,0.1473749547506473,-0.10494989152421275,Kathmandu Valley Suites,EMI,1.0,0.25173170255355487,Flight
Tara Chen,-0.7725993899718435,1,India,India,0.4149673713360961,0.1473749547506473,0.5768238312781154,Dal Lake Residency,Net Banking,1.0,0.33946001554242944,Train
Thiago Coleman,-0.7725993899718435,0,Thailand,Nepal,-1.0925555016927948,-1.0085336765194068,-0.7867236143265409,Kathmandu Valley Suites,UPI,1.0,-0.28615805486308016,Flight
Eren Shah,-0.6647977698921519,1,India,Sri Lanka,0.03808665307887338,0.7253292703856743,-0.7867236143265409,Cinnamon Garden Stay,Digital Wallet,1.0,1.6553847103755481,Flight
Esme Noorani,-0.6647977698921519,0,India,India,-0.33879406517834937,-1.0085336765194068,0.5768238312781154,Capital Grand Hotel,UPI,1.0,-0.8656966073350395,Flight
Freya Martens,-0.6647977698921519,1,United States,India,1.1687288078505416,0.1473749547506473,1.9403712768827717,Royal Courtyard Udaipur,UPI,1.0,0.4714955573135639,Flight
Gemma Pereira,-0.6647977698921519,0,India,India,-1.0925555016927948,-1.0085336765194068,-0.7867236143265409,Himalayan Crown,UPI,0.0,-0.8355676917631027,Flight
Hiba Reyes,-0.6647977698921519,0,India,India,-1.0925555016927948,-1.0085336765194068,-0.7867236143265409,Ganga Ghat Residency,Net Banking,1.0,-0.7992357641616497,Train
Ibrahim Shukla,-0.6647977698921519,0,India,India,-1.4694362199500175,-1.586487992154434,-0.7867236143265409,Snow Pine Retreat,UPI,1.0,-1.0553315465231117,Flight
Idris Stewart,-0.6647977698921519,1,India,India,-1.4694362199500175,-1.586487992154434,-0.7867236143265409,Aravalli Palace Inn,EMI,1.0,-1.123564678847792,Car
Imani Harron,-0.6647977698921519,1,India,India,-1.4694362199500175,-1.586487992154434,-0.7867236143265409,Spice Coast Hotel,EMI,1.0,-0.9339297396597197,Flight
Isabella Bennett,-0.6647977698921519,1,Thailand,India,1.5456095261077643,0.7253292703856743,1.9403712768827717,Spice Coast Hotel,UPI,0.0,1.230035314065853,Flight
Ivy Ocampo,-0.6647977698921519,0,India,India,-1.0925555016927948,-1.0085336765194068,-0.7867236143265409,Western Ghats Inn,Credit Card,1.0,-1.0571038356744022,Flight
Lara Harron,-0.6647977698921519,1,Australia,India,0.4149673713360961,1.3032835860207013,-0.7867236143265409,Royal Courtyard Udaipur,UPI,1.0,-0.10804299515839541,Flight
Lila Romano,-0.6647977698921519,1,Malaysia,India,1.5456095261077643,1.3032835860207013,1.2585975540804435,Kanchenjunga View Inn,Debit Card,1.0,0.5122582077932429,Flight
Liora Kumar,-0.6647977698921519,1,India,France,0.03808665307887338,0.7253292703856743,-0.7867236143265409,Paris Garden Suites,Digital Wallet,0.0,2.3527804914083186,Flight
Maira Ivanova,-0.6647977698921519,1,Canada,India,0.03808665307887338,0.1473749547506473,-0.10494989152421275,Heritage Delhi Inn,Net Banking,1.0,0.40060399126194807,Flight
Nia Stewart,-0.6647977698921519,0,India,India,0.03808665307887338,0.7253292703856743,-0.7867236143265409,Harbour View Hotel,UPI,1.0,-0.24539540438340104,Train
Noor Vaughn,-0.6647977698921519,0,India,Nepal,-1.4694362199500175,-1.586487992154434,-0.7867236143265409,Himalayan Heritage Hotel,EMI,,-0.6078285358222869,Flight
Norah Sato,-0.6647977698921519,1,India,India,-1.0925555016927948,-1.586487992154434,-0.10494989152421275,Tea Garden Retreat,UPI,1.0,-1.2449664857111842,Car
Oliver Dubois,-0.6647977698921519,1,United Arab Emirates,Nepal,-1.0925555016927948,-1.586487992154434,-0.10494989152421275,Kathmandu Valley Suites,Credit Card,1.0,-1.025202630951175,Flight
Omari Abe,-0.6647977698921519,1,India,India,0.4149673713360961,0.1473749547506473,0.5768238312781154,Coastal Pearl Inn,UPI,1.0,0.10640399214774243,Car
Saanvi Abe,-0.6647977698921519,0,India,India,-1.0925555016927948,-1.0085336765194068,-0.7867236143265409,Himalayan Vista,Digital Wallet,0.0,-0.6946707042355162,Train
Saanvi Joshi,-0.6647977698921519,1,United States,India,1.1687288078505416,0.7253292703856743,1.2585975540804435,Riverstone Resort,Credit Card,1.0,0.6531551953208294,Flight
Sofia Pereira,-0.6647977698921519,1,United Kingdom,India,1.5456095261077643,0.7253292703856743,1.9403712768827717,Ganga Riverside Retreat,UPI,1.0,-0.4164213074829242,Flight
Zara Bakshi,-0.6647977698921519,1,United Arab Emirates,India,0.03808665307887338,0.7253292703856743,-0.7867236143265409,Island Bay Resort,UPI,1.0,-0.10183998312887903,Flight
Aisha Banerjee,-0.5569961498124604,1,India,India,0.03808665307887338,-0.43057936088437976,0.5768238312781154,Misty Valley Retreat,Debit Card,,-0.971147811836818,Train
Amir Ivanova,-0.5569961498124604,0,India,India,0.03808665307887338,0.7253292703856743,-0.7867236143265409,Fort Kochi Residency,UPI,0.0,-0.31628697043501686,Flight
Ava Lim,-0.5569961498124604,1,India,India,-1.0925555016927948,-1.0085336765194068,-0.7867236143265409,Harbour View Hotel,Net Banking,1.0,-0.7575869691063253,Flight
Bodhi Singh,-0.5569961498124604,1,India,India,0.03808665307887338,0.7253292703856743,-0.7867236143265409,Kashmir Blossom Hotel,Digital Wallet,1.0,0.8782359175347096,Flight
Dhruv Matthews,-0.5569961498124604,1,India,Sri Lanka,0.7918480895933189,0.7253292703856743,0.5768238312781154,Cinnamon Garden Stay,Debit Card,0.0,1.525121457755704,Flight
Eren Johansson,-0.5569961498124604,0,India,Indonesia,0.03808665307887338,0.7253292703856743,-0.7867236143265409,Seminyak Beach Resort,UPI,1.0,0.5565654365755028,Flight
Ethan Abdul,-0.5569961498124604,1,United States,Sri Lanka,0.03808665307887338,0.7253292703856743,-0.7867236143265409,Lanka Pearl Resort,UPI,0.0,0.7470865203392204,Flight
Ibrahim Bakshi,-0.5569961498124604,0,India,India,1.5456095261077643,1.3032835860207013,1.2585975540804435,Snow Pine Retreat,EMI,1.0,-0.2834996211361446,Train
Idris Patel,-0.5569961498124604,0,India,Nepal,-1.0925555016927948,-1.0085336765194068,-0.7867236143265409,Himalayan Heritage Hotel,Credit Card,1.0,-0.6751755235713219,Flight
Kenzo Carter,-0.5569961498124604,1,India,India,0.7918480895933189,0.1473749547506473,1.2585975540804435,Coastal Pearl Inn,Digital Wallet,0.0,0.09842869096693566,Flight
Kian Dubois,-0.5569961498124604,1,India,India,1.5456095261077643,1.3032835860207013,1.2585975540804435,Seabreeze Resort,Debit Card,1.0,0.5893527858743752,Car
Kiara Coleman,-0.5569961498124604,0,India,India,1.5456095261077643,0.7253292703856743,1.9403712768827717,Himalayan Mist Hotel,Net Banking,0.0,-0.29058877774130615,Train
Mateo Schneider,-0.5569961498124604,1,India,Sri Lanka,-0.7156747834355721,-0.43057936088437976,-0.7867236143265409,Colombo Ocean Hotel,Credit Card,1.0,0.09045338978612888,Flight
Mei Ivanova,-0.5569961498124604,1,India,India,0.03808665307887338,0.7253292703856743,-0.7867236143265409,Cedar Heights,Debit Card,1.0,-0.5138972108038959,Train
Mia Rossi,-0.5569961498124604,1,India,Nepal,0.03808665307887338,0.7253292703856743,-0.7867236143265409,Thamel Garden Inn,Debit Card,1.0,0.33148471436162263,Flight
Noor Abdul,-0.5569961498124604,0,India,India,-0.33879406517834937,-1.0085336765194068,0.5768238312781154,Yoga Valley Inn,Digital Wallet,0.0,-0.818730944825844,Train
Norah Nair,-0.5569961498124604,1,India,India,1.5456095261077643,1.3032835860207013,1.2585975540804435,Seabreeze Resort,Debit Card,1.0,-0.4890851626858304,Car
Omari Joshi,-0.5569961498124604,0,Australia,United Arab Emirates,0.03808665307887338,0.7253292703856743,-0.7867236143265409,Downtown Dubai Suites,EMI,,2.4919051897846143,Flight
Saanvi Saeed,-0.5569961498124604,0,United States,Thailand,0.4149673713360961,0.7253292703856743,-0.10494989152421275,Bangkok Garden Suites,UPI,1.0,0.8862112187155164,Flight
Salma Shukla,-0.5569961498124604,0,Australia,India,0.03808665307887338,-1.0085336765194068,1.2585975540804435,Tea Garden Retreat,UPI,1.0,-0.0017056460809716865,Flight
Zaina Bennett,-0.5569961498124604,0,India,India,-1.4694362199500175,-1.586487992154434,-0.7867236143265409,Pink City Residency,Credit Card,1.0,-1.1536935944197286,Flight
Aisha Kim,-0.44919452973276885,0,Sri Lanka,India,-0.7156747834355721,-0.43057936088437976,-0.7867236143265409,Kashi Heritage Hotel,Debit Card,0.0,-0.6813785356008383,Flight
Avani Vaughn,-0.44919452973276885,1,Singapore,India,0.4149673713360961,0.7253292703856743,-0.10494989152421275,Backwater Grand,Digital Wallet,0.0,0.2047660400443594,Flight
Hana Patel,-0.44919452973276885,1,India,Indonesia,-0.7156747834355721,-1.0085336765194068,-0.10494989152421275,Seminyak Beach Resort,Debit Card,1.0,1.3487786872023095,Flight
Ivy Kassem,-0.44919452973276885,0,India,India,0.7918480895933189,0.7253292703856743,0.5768238312781154,Kashi Heritage Hotel,Digital Wallet,1.0,-0.2250140791435615,Train
Ivy Rivera,-0.44919452973276885,1,India,India,0.03808665307887338,0.7253292703856743,-0.7867236143265409,Harbour View Hotel,Net Banking,1.0,-0.7894881738295525,Train
Mei Ferraro,-0.44919452973276885,0,Nepal,India,-0.7156747834355721,-1.586487992154434,0.5768238312781154,Yamuna Heritage Inn,Credit Card,,-0.6707448006930959,Flight
Mei Shukla,-0.44919452973276885,1,India,India,-0.7156747834355721,-0.43057936088437976,-0.7867236143265409,Mountain Pass Inn,Credit Card,1.0,-0.38629239191098746,Car
Nia Abdul,-0.44919452973276885,1,India,India,-1.4694362199500175,-1.586487992154434,-0.7867236143265409,Chinar Grand,Debit Card,1.0,-1.1173616668182755,Flight
Nina Clarke,-0.44919452973276885,0,India,India,-0.33879406517834937,0.1473749547506473,-0.7867236143265409,Ladakh Horizon Hotel,EMI,,0.4998521837342102,Flight
Noah Shepherd,-0.44919452973276885,0,India,India,-1.0925555016927948,-1.586487992154434,-0.10494989152421275,Thar Heritage Hotel,EMI,0.0,-0.9587417877777852,Flight
Omari Lim,-0.44919452973276885,1,India,Sri Lanka,2.6762516808794325,3.037146532925783,1.2585975540804435,Cinnamon Garden Stay,UPI,,1.6004437466855457,Flight
Ronan Desai,-0.44919452973276885,0,Australia,India,0.03808665307887338,0.1473749547506473,-0.10494989152421275,Tea Garden Retreat,EMI,1.0,-0.4270550423906666,Flight
Suri Zuniga,-0.44919452973276885,1,India,Nepal,0.03808665307887338,0.7253292703856743,-0.7867236143265409,Kathmandu Valley Suites,EMI,1.0,0.06741363081935374,Flight
Yasmin Patel,-0.44919452973276885,1,Sri Lanka,United Arab Emirates,0.7918480895933189,0.7253292703856743,0.5768238312781154,Marina Skyline Hotel,Debit Card,,2.3935431418879975,Flight
Yasmin Reyes,-0.44919452973276885,0,India,India,-1.0925555016927948,-1.0085336765194068,-0.7867236143265409,Golden Fort Camp,Credit Card,1.0,-1.2192682930174734,Train
Yusuf Martens,-0.44919452973276885,1,Nepal,India,-0.33879406517834937,0.1473749547506473,-0.7867236143265409,Western Ghats Inn,Debit Card,0.0,-0.5759273310990598,Flight
Amara Hussain,-0.34139290965307734,0,India,India,-1.0925555016927948,-1.0085336765194068,-0.7867236143265409,Capital Grand Hotel,Debit Card,,-0.6468188971506756,Flight
Ava Desai,-0.34139290965307734,1,Australia,India,-0.33879406517834937,-0.43057936088437976,-0.10494989152421275,Golden Fort Camp,Digital Wallet,1.0,-0.1541225130919457,Flight
Ayden Delgado,-0.34139290965307734,0,India,United Arab Emirates,1.5456095261077643,0.7253292703856743,1.9403712768827717,Downtown Dubai Suites,Debit Card,1.0,2.4998804909654213,Flight
Elijah Reddy,-0.34139290965307734,1,India,India,1.1687288078505416,0.7253292703856743,1.2585975540804435,Island Bay Resort,UPI,1.0,0.8915280861693876,Car
Esme Nguyen,-0.34139290965307734,1,India,Thailand,0.03808665307887338,-0.43057936088437976,0.5768238312781154,Siam Riverside Hotel,UPI,1.0,2.0718726609287907,Flight
Farah Reyes,-0.34139290965307734,0,Canada,Sri Lanka,0.03808665307887338,0.1473749547506473,-0.10494989152421275,Lanka Pearl Resort,EMI,1.0,-0.20108817560114117,Flight
Maira Vaughn,-0.34139290965307734,1,Nepal,India,0.03808665307887338,-0.43057936088437976,0.5768238312781154,Western Ghats Inn,Digital Wallet,1.0,-0.2684351633501762,Flight
Mira Ferraro,-0.34139290965307734,1,Australia,India,-0.33879406517834937,0.1473749547506473,-0.7867236143265409,Beas Valley Resort,UPI,1.0,-0.20463275390372196,Flight
Oscar Andrade,-0.34139290965307734,1,India,India,1.5456095261077643,0.7253292703856743,1.9403712768827717,Misty Valley Retreat,UPI,1.0,0.6451798941400226,Flight
Reina Delgado,-0.34139290965307734,0,India,India,-0.33879406517834937,0.1473749547506473,-0.7867236143265409,Yoga Valley Inn,EMI,1.0,-0.8736719085158462,Train
Ronan Dubois,-0.34139290965307734,0,India,India,1.5456095261077643,0.7253292703856743,1.9403712768827717,Himalayan Vista,UPI,,-0.3535050426121152,Car
Silas Verma,-0.34139290965307734,1,Sri Lanka,India,0.03808665307887338,0.7253292703856743,-0.7867236143265409,Amber Heritage Stay,Digital Wallet,1.0,0.46440640070840233,Flight
Sofia Shepherd,-0.34139290965307734,1,India,India,-1.0925555016927948,-1.0085336765194068,-0.7867236143265409,Amber Heritage Stay,EMI,1.0,-1.239649618257313,Train
Thiago Atkinson,-0.34139290965307734,1,India,Indonesia,-1.0925555016927948,-1.0085336765194068,-0.7867236143265409,Bali Lotus Villas,UPI,1.0,-0.08323094704032988,Flight
Zara O'Connor,-0.34139290965307734,0,India,India,0.03808665307887338,-0.43057936088437976,0.5768238312781154,Rajputana Grand,UPI,1.0,0.005383510524189895,Train
Aisha Gonzalez,-0.2335912895733858,0,India,Thailand,1.5456095261077643,0.1473749547506473,2.6221449996851,Sukhumvit Grand,UPI,0.0,2.279230491629767,Flight
Alia Martens,-0.2335912895733858,0,Canada,India,-1.0925555016927948,-1.0085336765194068,-0.7867236143265409,Pink City Residency,Net Banking,1.0,-1.1944562448994078,Flight
Alina Rahman,-0.2335912895733858,1,India,India,-1.4694362199500175,-1.586487992154434,-0.7867236143265409,Snow Pine Retreat,UPI,1.0,-1.2414219074086033,Car
Anaya Vaughn,-0.2335912895733858,0,India,India,3.0531323991366555,3.037146532925783,1.9403712768827717,Rajputana Grand,Debit Card,0.0,0.06121061878983735,Train
Arjun Reyes,-0.2335912895733858,0,India,India,-1.0925555016927948,-1.0085336765194068,-0.7867236143265409,Snow Pine Retreat,Debit Card,1.0,-0.859493595305523,Flight
Avani Zhang,-0.2335912895733858,1,Singapore,India,0.7918480895933189,0.7253292703856743,0.5768238312781154,Connaught Residency,Debit Card,1.0,-0.05398817604403835,Flight
Ayden Anderson,-0.2335912895733858,1,Canada,India,0.03808665307887338,-0.43057936088437976,0.5768238312781154,Kashi Heritage Hotel,Credit Card,1.0,-0.8444291375195547,Flight
Ayden Takahashi,-0.2335912895733858,1,India,India,0.03808665307887338,0.1473749547506473,-0.10494989152421275,Aravalli Palace Inn,Credit Card,0.0,-0.191340585269044,Flight
Bodhi Singh,-0.2335912895733858,1,United Kingdom,India,0.03808665307887338,0.7253292703856743,-0.7867236143265409,Desert Moon Resort,UPI,1.0,0.024878691188384244,Flight
Dante Alston,-0.2335912895733858,0,India,India,1.1687288078505416,0.7253292703856743,1.2585975540804435,Mughal Garden Hotel,UPI,1.0,0.09577025724000006,Flight
Elise Yamada,-0.2335912895733858,0,Singapore,India,0.7918480895933189,0.7253292703856743,0.5768238312781154,Seabreeze Resort,EMI,1.0,-0.2684351633501762,Flight
Esme Flynn,-0.2335912895733858,1,India,India,-1.0925555016927948,-1.0085336765194068,-0.7867236143265409,Coastal Pearl Inn,UPI,1.0,-0.8284785351579411,Train
Esme Saeed,-0.2335912895733858,0,India,India,1.5456095261077643,0.7253292703856743,1.9403712768827717,Kashmir Blossom Hotel,Net Banking,1.0,-0.12310745294436377,Car
Felix Bakshi,-0.2335912895733858,1,India,India,-0.33879406517834937,0.1473749547506473,-0.7867236143265409,Mughal Garden Hotel,UPI,0.0,-0.9507664865969784,Car
Gemma Darwish,-0.2335912895733858,0,India,India,0.03808665307887338,0.1473749547506473,-0.10494989152421275,Beas Valley Resort,Debit Card,1.0,0.03196784779354583,Flight
Gemma Shukla,-0.2335912895733858,0,United Arab Emirates,India,-1.0925555016927948,-1.0085336765194068,-0.7867236143265409,Royal Courtyard Udaipur,UPI,1.0,-1.0119104623164972,Flight
Gemma Singh,-0.2335912895733858,1,United Arab Emirates,Singapore,0.4149673713360961,-0.43057936088437976,1.2585975540804435,Marina Garden Hotel,Digital Wallet,0.0,3.015616633990926,Flight
Ibrahim Atkinson,-0.2335912895733858,1,United Arab Emirates,India,-0.33879406517834937,0.1473749547506473,-0.7867236143265409,Yoga Valley Inn,EMI,,-0.5068080541987344,Flight
Idris Castro,-0.2335912895733858,1,Sri Lanka,India,2.6762516808794325,3.037146532925783,1.2585975540804435,Tea Garden Retreat,Credit Card,1.0,0.43959435259033675,Flight
Isaac Becker,-0.2335912895733858,1,India,Sri Lanka,-1.0925555016927948,-1.0085336765194068,-0.7867236143265409,Cinnamon Garden Stay,Net Banking,1.0,-0.8222755231284248,Flight
Isaac Rahman,-0.2335912895733858,0,India,India,0.03808665307887338,-1.0085336765194068,1.2585975540804435,Port Blair Retreat,Debit Card,1.0,-0.5325062468924451,Car
Kenzo Foley,-0.2335912895733858,1,India,Nepal,0.4149673713360961,-0.43057936088437976,1.2585975540804435,Kathmandu Valley Suites,UPI,1.0,0.7080961590108317,Flight
Kiara Castro,-0.2335912895733858,1,India,India,-0.7156747834355721,-0.43057936088437976,-0.7867236143265409,Mall Road Retreat,EMI,1.0,-0.9135484144198801,Train
Lara Ivanova,-0.2335912895733858,0,India,India,0.03808665307887338,0.7253292703856743,-0.7867236143265409,Yoga Valley Inn,Credit Card,1.0,0.2269196544354893,Train
Leila Dubois,-0.2335912895733858,1,India,India,-1.4694362199500175,-1.586487992154434,-0.7867236143265409,Himalayan Vista,Debit Card,1.0,-1.0331779321319818,Train
Lyra Noorani,-0.2335912895733858,1,India,India,0.03808665307887338,0.7253292703856743,-0.7867236143265409,Ladakh Horizon Hotel,EMI,,-0.6636556440879344,Train
Micah Sterling,-0.2335912895733858,1,India,India,2.6762516808794325,2.459192217290756,1.9403712768827717,Marine Drive Residency,Credit Card,1.0,-0.04424058571194118,Train
Milan Ali,-0.2335912895733858,1,Canada,India,-0.33879406517834937,0.1473749547506473,-0.7867236143265409,Western Ghats Inn,UPI,1.0,-0.8160725110989083,Flight
Mira Nakamura,-0.2335912895733858,0,Nepal,India,-0.33879406517834937,-0.43057936088437976,-0.10494989152421275,Yoga Valley Inn,UPI,1.0,-1.0198857634973038,Flight
Nia Pereira,-0.2335912895733858,0,India,India,-1.4694362199500175,-1.586487992154434,-0.7867236143265409,Temple View Inn,UPI,1.0,-1.2564863651945717,Flight
Nia Thompson,-0.2335912895733858,1,India,Sri Lanka,1.5456095261077643,1.3032835860207013,1.2585975540804435,Cinnamon Garden Stay,UPI,1.0,1.8450196495636204,Flight
Niko Aziz,-0.2335912895733858,0,Nepal,Thailand,0.03808665307887338,0.7253292703856743,-0.7867236143265409,Bangkok Garden Suites,EMI,1.0,0.0842503777566125,Flight
Noah Andrade,-0.2335912895733858,0,United Kingdom,Indonesia,-1.4694362199500175,-1.586487992154434,-0.7867236143265409,Bali Lotus Villas,UPI,0.0,-0.77885443892181,Flight
Nolan Qureshi,-0.2335912895733858,1,India,Maldives,1.1687288078505416,0.1473749547506473,1.9403712768827717,Coral Lagoon Resort,Debit Card,1.0,1.7289347101540995,Flight
Reina Noorani,-0.2335912895733858,0,United States,India,0.03808665307887338,0.7253292703856743,-0.7867236143265409,Desert Moon Resort,Credit Card,1.0,-0.06905263383000672,Flight
Remy Schneider,-0.2335912895733858,1,Australia,France,0.4149673713360961,-0.43057936088437976,1.2585975540804435,Montmartre Boutique Inn,Credit Card,1.0,2.926116031850761,Flight
Rohan Yamada,-0.2335912895733858,0,Nepal,India,1.1687288078505416,0.1473749547506473,1.9403712768827717,Western Ghats Inn,EMI,0.0,1.2256045911876272,Flight
Silas Duarte,-0.2335912895733858,1,India,India,0.4149673713360961,1.3032835860207013,-0.7867236143265409,Western Ghats Inn,Debit Card,,0.22337507613290852,Flight
Talia Saeed,-0.2335912895733858,0,United Kingdom,India,0.03808665307887338,0.7253292703856743,-0.7867236143265409,Ganga Ghat Residency,Debit Card,1.0,-0.7894881738295525,Flight
Yasmin Fontaine,-0.2335912895733858,0,India,India,-0.7156747834355721,-0.43057936088437976,-0.7867236143265409,Mountain Pass Inn,EMI,1.0,-0.581244198552931,Flight
Zane Brown,-0.2335912895733858,1,India,Nepal,2.2993709626222096,3.037146532925783,0.5768238312781154,Himalayan Heritage Hotel,EMI,,2.193274467792183,Flight
Amara Kowalski,-0.12578966949369424,1,India,India,0.4149673713360961,1.3032835860207013,-0.7867236143265409,Mountain Pass Inn,Debit Card,1.0,-0.15855323597017168,Car
Anjali Banerjee,-0.12578966949369424,1,United States,India,0.03808665307887338,0.1473749547506473,-0.10494989152421275,Amber Heritage Stay,UPI,1.0,-0.8922809446043953,Flight
Arjun Foley,-0.12578966949369424,1,Singapore,India,-1.0925555016927948,-1.0085336765194068,-0.7867236143265409,Coastal Pearl Inn,Credit Card,1.0,-1.1076140764861784,Flight
Arjun Laurent,-0.12578966949369424,1,Malaysia,India,0.7918480895933189,0.7253292703856743,0.5768238312781154,Marine Drive Residency,Digital Wallet,1.0,-0.47933757235373325,Flight
Arjun Mohammed,-0.12578966949369424,1,India,India,-1.0925555016927948,-1.0085336765194068,-0.7867236143265409,Heritage Delhi Inn,Net Banking,1.0,-0.9614002215047208,Train
Ava Gonzalez,-0.12578966949369424,1,India,India,-1.0925555016927948,-1.0085336765194068,-0.7867236143265409,Ganga Riverside Retreat,EMI,1.0,-1.0765990163385966,Train
Ayden Shah,-0.12578966949369424,1,Sri Lanka,India,0.03808665307887338,0.7253292703856743,-0.7867236143265409,Riverstone Resort,UPI,1.0,-0.3091978138298553,Flight
Chloe Becker,-0.12578966949369424,0,India,India,0.03808665307887338,0.7253292703856743,-0.7867236143265409,Coral Sands Hotel,Debit Card,1.0,-0.31805925958630726,Flight
Elias Desai,-0.12578966949369424,1,India,India,1.5456095261077643,0.7253292703856743,1.9403712768827717,Heritage Delhi Inn,Net Banking,,0.9943208569442306,Flight
Elise Castro,-0.12578966949369424,1,United Kingdom,India,-1.0925555016927948,-1.0085336765194068,-0.7867236143265409,Indus Valley Retreat,Digital Wallet,1.0,-0.8018941978885852,Flight
Esme Bakshi,-0.12578966949369424,0,India,India,0.03808665307887338,0.1473749547506473,-0.10494989152421275,Mughal Garden Hotel,Debit Card,1.0,-0.8320231134605219,Train
Esme Rahman,-0.12578966949369424,1,India,India,-0.33879406517834937,-0.43057936088437976,-0.10494989152421275,Chinar Grand,UPI,1.0,-0.9268405830545581,Train
Gemma Ocampo,-0.12578966949369424,1,India,India,0.03808665307887338,0.1473749547506473,-0.10494989152421275,Backwater Grand,Credit Card,1.0,-0.6866954030547096,Flight
Hiba Desai,-0.12578966949369424,1,United States,Nepal,0.03808665307887338,0.7253292703856743,-0.7867236143265409,Himalayan Heritage Hotel,Credit Card,1.0,0.34123230469371985,Flight
Ibrahim Bashir,-0.12578966949369424,1,India,India,0.4149673713360961,0.1473749547506473,0.5768238312781154,Coral Sands Hotel,EMI,1.0,-0.27995504283356376,Flight
Ivy Noorani,-0.12578966949369424,1,United Arab Emirates,India,1.5456095261077643,0.7253292703856743,1.9403712768827717,Aravalli Palace Inn,Debit Card,1.0,1.2149708562798847,Flight
Jasper Harrington,-0.12578966949369424,1,India,India,1.1687288078505416,0.7253292703856743,1.2585975540804435,Lakeview Heritage Hotel,Digital Wallet,1.0,0.8516515802653537,Train
Jasper Walker,-0.12578966949369424,1,United Arab Emirates,India,1.1687288078505416,0.7253292703856743,1.2585975540804435,Mall Road Retreat,Credit Card,1.0,-0.2852719102874349,Flight
Kai Silva,-0.12578966949369424,0,India,Singapore,-1.0925555016927948,-1.0085336765194068,-0.7867236143265409,Sentosa Bay Resort,Credit Card,1.0,-0.12842432039823495,Flight
Kairo Patel,-0.12578966949369424,0,India,India,1.1687288078505416,-0.43057936088437976,2.6221449996851,Yamuna Heritage Inn,Credit Card,1.0,-0.7841713063756812,Train
Keenan Mendez,-0.12578966949369424,1,United Arab Emirates,India,0.03808665307887338,0.1473749547506473,-0.10494989152421275,Connaught Residency,Debit Card,0.0,-0.6698586561174508,Flight
Kian Andrade,-0.12578966949369424,1,India,India,-1.0925555016927948,-1.0085336765194068,-0.7867236143265409,Port Blair Retreat,EMI,1.0,-0.8931670891800406,Flight
Lila Vaughn,-0.12578966949369424,0,Singapore,India,0.03808665307887338,0.1473749547506473,-0.10494989152421275,Himalayan Vista,EMI,1.0,0.01513110085628707,Flight
Maaya Nakamura,-0.12578966949369424,0,India,United Kingdom,-1.4694362199500175,-1.586487992154434,-0.7867236143265409,Kensington Park Inn,UPI,1.0,0.05146302845774017,Flight
Maaya Thompson,-0.12578966949369424,0,India,India,0.4149673713360961,1.3032835860207013,-0.7867236143265409,Chinar Grand,Digital Wallet,1.0,-0.8018941978885852,Car
Milan Zuniga,-0.12578966949369424,1,India,India,-0.33879406517834937,0.1473749547506473,-0.7867236143265409,Marine Drive Residency,UPI,1.0,-0.5582044395861558,Car
Oscar Nguyen,-0.12578966949369424,0,India,United Kingdom,-0.33879406517834937,-0.43057936088437976,-0.10494989152421275,Thames Central Hotel,UPI,,1.368273867866504,Flight
Priya Shah,-0.12578966949369424,0,Canada,India,1.1687288078505416,1.3032835860207013,0.5768238312781154,Ganga Ghat Residency,UPI,1.0,0.024878691188384244,Flight
Rami Harrington,-0.12578966949369424,0,India,India,-1.0925555016927948,-1.0085336765194068,-0.7867236143265409,Dal Lake Residency,UPI,1.0,-1.0322917875563367,Car
Reina Brown,-0.12578966949369424,1,Malaysia,India,0.03808665307887338,0.1473749547506473,-0.10494989152421275,Misty Valley Retreat,Credit Card,1.0,-0.6087146803979321,Flight
Remy Walker,-0.12578966949369424,1,India,United Kingdom,-1.0925555016927948,-1.0085336765194068,-0.7867236143265409,London Heritage Suites,Credit Card,1.0,0.15425579923258312,Flight
Silas Kumar,-0.12578966949369424,1,India,India,-0.33879406517834937,-0.43057936088437976,-0.10494989152421275,Heritage Delhi Inn,Credit Card,0.0,-0.8293646797335863,Car
Sofia Kowalski,-0.12578966949369424,1,India,India,0.03808665307887338,-0.43057936088437976,0.5768238312781154,Coral Sands Hotel,Debit Card,0.0,1.3425756751727933,Flight
Talia Aziz,-0.12578966949369424,1,India,Maldives,-1.4694362199500175,-1.586487992154434,-0.7867236143265409,Coral Lagoon Resort,UPI,,-0.8825333542722982,Flight
Tara Rahman,-0.12578966949369424,0,India,France,-1.0925555016927948,-1.0085336765194068,-0.7867236143265409,Montmartre Boutique Inn,EMI,1.0,1.5330967589365108,Flight
Zaina Atkinson,-0.12578966949369424,1,United States,Indonesia,-0.33879406517834937,-1.0085336765194068,0.5768238312781154,Ubud Forest Retreat,UPI,,-0.0725972121325875,Flight
Zane Patel,-0.12578966949369424,0,India,India,-0.7156747834355721,-0.43057936088437976,-0.7867236143265409,Seabreeze Resort,UPI,1.0,-0.35704962091469594,Flight
Zara Ali,-0.12578966949369424,1,Sri Lanka,United Kingdom,-0.33879406517834937,0.1473749547506473,-0.7867236143265409,London Heritage Suites,Credit Card,0.0,1.758177481150391,Flight
Alia Khan,-0.01798804941400272,1,United Kingdom,India,1.5456095261077643,0.7253292703856743,1.9403712768827717,Cedar Heights,UPI,1.0,-0.47579299405115244,Flight
Amira Patel,-0.01798804941400272,0,India,India,0.4149673713360961,0.1473749547506473,0.5768238312781154,Port Blair Retreat,UPI,1.0,0.16400338956468027,Flight
Andre Andrade,-0.01798804941400272,0,India,India,1.1687288078505416,2.459192217290756,-0.7867236143265409,Tea Garden Retreat,UPI,1.0,-0.19488516357162478,Car
Arjun Amini,-0.01798804941400272,1,Thailand,India,0.03808665307887338,0.7253292703856743,-0.7867236143265409,Seabreeze Resort,UPI,,-0.44300564475228016,Flight
Arjun Becker,-0.01798804941400272,0,India,India,0.4149673713360961,0.1473749547506473,0.5768238312781154,Capital Grand Hotel,Credit Card,1.0,-0.16918697087791407,Car
Ava Wells,-0.01798804941400272,1,India,India,-1.0925555016927948,-1.0085336765194068,-0.7867236143265409,Palm Grove Hotel,UPI,1.0,-0.971147811836818,Flight
Avani Walker,-0.01798804941400272,1,India,India,-0.33879406517834937,0.1473749547506473,-0.7867236143265409,Indus Valley Retreat,UPI,1.0,-0.3836339581840519,Train
Ayden Romano,-0.01798804941400272,0,India,India,-0.33879406517834937,0.1473749547506473,-0.7867236143265409,Kanchenjunga View Inn,Credit Card,1.0,-0.9507664865969784,Train
Dhruv Bennett,-0.01798804941400272,0,India,United Arab Emirates,-0.33879406517834937,0.1473749547506473,-0.7867236143265409,Desert Pearl Resort,EMI,1.0,1.417897964102635,Flight
Elias O'Connor,-0.01798804941400272,0,United States,India,0.03808665307887338,0.7253292703856743,-0.7867236143265409,Indus Valley Retreat,Net Banking,,0.016903390007577464,Flight
Elina Kassem,-0.01798804941400272,0,India,India,-1.4694362199500175,-1.586487992154434,-0.7867236143265409,Yamuna Heritage Inn,UPI,1.0,-1.1838225099916655,Train
Elise Bakshi,-0.01798804941400272,0,India,Sri Lanka,0.7918480895933189,0.7253292703856743,0.5768238312781154,Lanka Pearl Resort,UPI,1.0,1.1414208565013333,Flight
Elise Ocampo,-0.01798804941400272,0,India,India,-0.7156747834355721,-0.43057936088437976,-0.7867236143265409,Chinar Grand,Digital Wallet,0.0,-1.047356245342305,Train
Ibrahim Harron,-0.01798804941400272,1,India,India,0.03808665307887338,0.7253292703856743,-0.7867236143265409,Himalayan Crown,Credit Card,,-0.19577130814726998,Train
Ibrahim Hayes,-0.01798804941400272,0,Australia,United Arab Emirates,0.03808665307887338,0.7253292703856743,-0.7867236143265409,Desert Pearl Resort,Net Banking,1.0,2.2446708531796045,Flight
Imani Noorani,-0.01798804941400272,0,Nepal,India,1.1687288078505416,0.1473749547506473,1.9403712768827717,Capital Grand Hotel,UPI,,-0.3535050426121152,Flight
Isabella Lim,-0.01798804941400272,0,Sri Lanka,India,-1.0925555016927948,-1.0085336765194068,-0.7867236143265409,Mughal Garden Hotel,Debit Card,1.0,-0.8240478122797151,Flight
Ivy Dubois,-0.01798804941400272,0,India,India,-1.0925555016927948,-1.0085336765194068,-0.7867236143265409,Desert Moon Resort,Credit Card,1.0,-1.1430598595119863,Flight
Keenan Castro,-0.01798804941400272,1,India,Thailand,-1.0925555016927948,-1.0085336765194068,-0.7867236143265409,Sukhumvit Grand,Digital Wallet,1.0,-0.5449122709514779,Flight
Kian Lambert,-0.01798804941400272,1,Singapore,India,1.1687288078505416,0.7253292703856743,1.2585975540804435,Connaught Residency,Net Banking,1.0,1.318649771630373,Flight
Lara Foley,-0.01798804941400272,0,India,India,-0.33879406517834937,0.1473749547506473,-0.7867236143265409,Tea Garden Retreat,Credit Card,1.0,-0.40047070512131067,Car
Luca Abe,-0.01798804941400272,0,India,India,-0.7156747834355721,-0.43057936088437976,-0.7867236143265409,Misty Valley Retreat,Debit Card,1.0,-1.0863466066706937,Train
Mateo Morales,-0.01798804941400272,1,United Kingdom,India,0.03808665307887338,-0.43057936088437976,0.5768238312781154,Fort Kochi Residency,Digital Wallet,1.0,-0.09740926025065304,Flight
Micah Pereira,-0.01798804941400272,0,India,India,1.1687288078505416,0.1473749547506473,1.9403712768827717,Palm Grove Hotel,Digital Wallet,1.0,1.12547025413972,Train
Naomi Mehta,-0.01798804941400272,1,India,India,0.03808665307887338,-0.43057936088437976,0.5768238312781154,Kanchenjunga View Inn,Net Banking,1.0,-0.33046528364534006,Train
Nina Ferraro,-0.01798804941400272,0,Canada,India,0.03808665307887338,0.7253292703856743,-0.7867236143265409,Coral Sands Hotel,EMI,1.0,0.5122582077932429,Flight
Noah Silva,-0.01798804941400272,0,Malaysia,India,0.03808665307887338,0.7253292703856743,-0.7867236143265409,Golden Fort Camp,Digital Wallet,1.0,-0.6228929936082552,Flight
Norah Zuniga,-0.01798804941400272,1,India,United Kingdom,0.03808665307887338,0.1473749547506473,-0.10494989152421275,Kensington Park Inn,Credit Card,1.0,2.7559762733268833,Flight
Priya Castro,-0.01798804941400272,1,Nepal,India,-1.0925555016927948,-1.0085336765194068,-0.7867236143265409,Desert Moon Resort,UPI,1.0,-0.8036664870398756,Flight
Saanvi Mohammed,-0.01798804941400272,0,India,Maldives,1.5456095261077643,1.3032835860207013,1.2585975540804435,Azure Island Villas,Credit Card,1.0,2.3270822987146076,Flight
Salma Gonzalez,-0.01798804941400272,1,India,India,0.03808665307887338,0.1473749547506473,-0.10494989152421275,Himalayan Crown,Net Banking,1.0,-0.21083576593323836,Car
Salma Richardson,-0.01798804941400272,0,Canada,United Arab Emirates,-1.0925555016927948,-1.0085336765194068,-0.7867236143265409,Downtown Dubai Suites,Debit Card,1.0,-0.4102182954534078,Flight
Yusuf Patel,-0.01798804941400272,1,Singapore,Sri Lanka,1.1687288078505416,0.7253292703856743,1.2585975540804435,Colombo Ocean Hotel,Net Banking,1.0,0.6274570026271187,Flight
Zaina Ocampo,-0.01798804941400272,0,United States,Thailand,0.03808665307887338,0.7253292703856743,-0.7867236143265409,Siam Riverside Hotel,UPI,1.0,1.9752829021834644,Flight
Zayd Qureshi,-0.01798804941400272,1,India,India,0.4149673713360961,-0.43057936088437976,1.2585975540804435,Cedar Heights,EMI,1.0,-0.5963086563388994,Flight
Zayd Takahashi,-0.01798804941400272,1,India,India,-1.4694362199500175,-1.586487992154434,-0.7867236143265409,Royal Courtyard Udaipur,Debit Card,,-1.1022972090323073,Car
Aisha Johansson,0.19761519074538036,1,India,India,-1.0925555016927948,-1.586487992154434,-0.10494989152421275,Coral Sands Hotel,UPI,1.0,-1.1111586547887593,Train
Aisha Joshi,0.19761519074538036,1,United Arab Emirates,India,-1.4694362199500175,-1.586487992154434,-0.7867236143265409,Connaught Residency,Net Banking,0.0,-1.0322917875563367,Flight
Alia Vaughn,0.19761519074538036,0,India,India,1.5456095261077643,1.3032835860207013,1.2585975540804435,Yamuna Heritage Inn,UPI,1.0,0.4971937500072746,Train
Amara Chen,0.19761519074538036,1,India,United Arab Emirates,0.03808665307887338,0.7253292703856743,-0.7867236143265409,Desert Pearl Resort,EMI,1.0,2.993463019599796,Flight
Amara Yamada,0.19761519074538036,1,Canada,India,-1.4694362199500175,-1.586487992154434,-0.7867236143265409,Riverstone Resort,UPI,1.0,-1.069509859733435,Flight
Amira Calderon,0.19761519074538036,1,India,India,0.03808665307887338,0.7253292703856743,-0.7867236143265409,Mountain Pass Inn,UPI,1.0,-0.16741468172662366,Flight
Andre Dubois,0.19761519074538036,1,India,India,-1.0925555016927948,-1.0085336765194068,-0.7867236143265409,Himalayan Mist Hotel,Digital Wallet,1.0,-0.8417707037926191,Train
Andre Mori,0.19761519074538036,0,India,India,0.03808665307887338,0.7253292703856743,-0.7867236143265409,Connaught Residency,EMI,1.0,-0.5378231143463162,Flight
Ayden Noorani,0.19761519074538036,0,India,India,0.4149673713360961,-0.43057936088437976,1.2585975540804435,Indus Valley Retreat,Credit Card,,0.3908564009298509,Train
Cruz Persaud,0.19761519074538036,0,India,Sri Lanka,-0.33879406517834937,0.1473749547506473,-0.7867236143265409,Lanka Pearl Resort,Net Banking,1.0,0.2641377266125876,Flight
Elina Joshi,0.19761519074538036,0,India,India,0.03808665307887338,-1.0085336765194068,1.2585975540804435,Riverstone Resort,EMI,1.0,-0.28881648859001574,Train
Elina Moreira,0.19761519074538036,0,India,India,1.5456095261077643,1.8812379016557284,0.5768238312781154,Tea Hills Resort,Digital Wallet,1.0,1.0262220616674576,Car
Elina Schneider,0.19761519074538036,0,India,India,0.03808665307887338,0.7253292703856743,-0.7867236143265409,Taj View Residency,UPI,1.0,-0.4740207048998621,Flight
Idris Lambert,0.19761519074538036,1,India,India,-1.0925555016927948,-1.0085336765194068,-0.7867236143265409,Kashi Heritage Hotel,Credit Card,1.0,-1.2777538350100563,Train
Idris Saeed,0.19761519074538036,1,India,India,1.1687288078505416,0.1473749547506473,1.9403712768827717,Coral Sands Hotel,UPI,,0.2871774855793628,Car
Jonah Dubois,0.19761519074538036,1,India,India,0.03808665307887338,0.7253292703856743,-0.7867236143265409,Yoga Valley Inn,Credit Card,1.0,-0.4226243195124406,Train
Kiara Romero,0.19761519074538036,0,India,India,-1.0925555016927948,-1.0085336765194068,-0.7867236143265409,Rajputana Grand,UPI,1.0,-1.2281297387739254,Car
Liam Kassem,0.19761519074538036,0,India,United Kingdom,-1.0925555016927948,-1.0085336765194068,-0.7867236143265409,London Heritage Suites,Debit Card,1.0,1.1316732661692361,Flight
Lila Pereira,0.19761519074538036,1,India,Indonesia,0.7918480895933189,0.7253292703856743,0.5768238312781154,Bali Lotus Villas,Credit Card,0.0,1.8521088061687818,Flight
Lila Silva,0.19761519074538036,0,India,India,-0.7156747834355721,-0.43057936088437976,-0.7867236143265409,Ladakh Horizon Hotel,Net Banking,1.0,-0.20551889847936716,Car
Maaya Dubois,0.19761519074538036,1,India,India,1.1687288078505416,0.1473749547506473,1.9403712768827717,Tea Hills Resort,Credit Card,0.0,0.3935148346567865,Train
Maaya Pereira,0.19761519074538036,0,India,India,0.4149673713360961,0.1473749547506473,0.5768238312781154,Ladakh Horizon Hotel,Credit Card,1.0,0.06652748624370854,Train
Mei Abe,0.19761519074538036,1,India,India,1.5456095261077643,0.1473749547506473,2.6221449996851,Riverstone Resort,Debit Card,1.0,-0.8532905832760067,Car
Mei Fontaine,0.19761519074538036,1,Nepal,United Kingdom,-1.0925555016927948,-1.0085336765194068,-0.7867236143265409,Thames Central Hotel,Net Banking,0.0,1.1210395312614938,Flight
Mia Duarte,0.19761519074538036,1,India,India,1.1687288078505416,0.7253292703856743,1.2585975540804435,Kanchenjunga View Inn,Net Banking,1.0,0.6061895328116339,Train
Mira Castro,0.19761519074538036,0,Australia,India,0.03808665307887338,0.7253292703856743,-0.7867236143265409,Port Blair Retreat,Debit Card,1.0,1.0820491699331052,Flight
Mira Mori,0.19761519074538036,0,India,India,0.03808665307887338,0.7253292703856743,-0.7867236143265409,Desert Moon Resort,UPI,0.0,-0.36325263294421234,Car
Naomi Barrett,0.19761519074538036,1,India,India,0.4149673713360961,0.1473749547506473,0.5768238312781154,Palm Grove Hotel,UPI,1.0,-0.002591790656616884,Train
Nina Kim,0.19761519074538036,1,Thailand,India,-1.0925555016927948,-1.0085336765194068,-0.7867236143265409,Coral Sands Hotel,Net Banking,1.0,-0.7327749209882598,Flight
Suri Richardson,0.19761519074538036,0,India,India,1.5456095261077643,0.7253292703856743,1.9403712768827717,Ladakh Horizon Hotel,Digital Wallet,0.0,1.0740738687522984,Flight
Zara Joshi,0.19761519074538036,0,India,United Arab Emirates,-1.0925555016927948,-1.0085336765194068,-0.7867236143265409,Marina Skyline Hotel,EMI,1.0,-0.7407502221690666,Flight
Amara Davis,0.3054168108250719,0,Singapore,France,-1.0925555016927948,-1.0085336765194068,-0.7867236143265409,Paris Garden Suites,UPI,1.0,1.4276455544347322,Flight
Amira Delgado,0.3054168108250719,0,United States,India,-1.0925555016927948,-1.0085336765194068,-0.7867236143265409,Dal Lake Residency,Debit Card,1.0,-0.8656966073350395,Flight
Amira Schneider,0.3054168108250719,0,India,India,-1.4694362199500175,-1.586487992154434,-0.7867236143265409,Riverstone Resort,Net Banking,1.0,-1.1014110644566621,Car
Arjun Yilmaz,0.3054168108250719,0,India,India,-1.0925555016927948,-1.0085336765194068,-0.7867236143265409,Riverstone Resort,EMI,,-1.123564678847792,Train
Ava Walker,0.3054168108250719,1,India,India,-0.7156747834355721,-0.43057936088437976,-0.7867236143265409,Desert Moon Resort,Net Banking,1.0,-0.7372056438664858,Train
Bodhi Fitzgerald,0.3054168108250719,1,Canada,India,1.5456095261077643,3.037146532925783,-0.7867236143265409,Riverstone Resort,Digital Wallet,1.0,-0.6999875716893875,Flight
Caleb Zhang,0.3054168108250719,0,India,India,0.03808665307887338,0.1473749547506473,-0.10494989152421275,Gateway Grand,Digital Wallet,1.0,0.04791845015515939,Car
Chloe Harron,0.3054168108250719,0,India,Thailand,1.5456095261077643,1.3032835860207013,1.2585975540804435,Bangkok Garden Suites,Credit Card,1.0,1.0625539892689109,Flight
Dante Rossi,0.3054168108250719,0,India,India,0.03808665307887338,0.7253292703856743,-0.7867236143265409,Marine Drive Residency,UPI,1.0,0.0009527876459639066,Car
Elijah Kowalski,0.3054168108250719,0,India,India,1.1687288078505416,0.7253292703856743,1.2585975540804435,Kashi Heritage Hotel,Debit Card,1.0,0.11260700417725882,Car
Eren Bennett,0.3054168108250719,0,Singapore,India,-1.0925555016927948,-1.0085336765194068,-0.7867236143265409,Heritage Delhi Inn,Net Banking,1.0,-0.6778339572982576,Flight
Indira Duarte,0.3054168108250719,1,India,India,1.1687288078505416,-0.43057936088437976,2.6221449996851,Himalayan Vista,Net Banking,1.0,-0.5147833553795411,Car
Kian Ferraro,0.3054168108250719,0,India,India,0.03808665307887338,0.1473749547506473,-0.10494989152421275,Mall Road Retreat,UPI,1.0,-0.554659861283575,Car
Leila Nakamura,0.3054168108250719,1,Nepal,India,-1.0925555016927948,-1.0085336765194068,-0.7867236143265409,Gateway Grand,Digital Wallet,1.0,-1.1474905823902124,Flight
Liora Gonzalez,0.3054168108250719,0,India,India,-0.33879406517834937,-0.43057936088437976,-0.10494989152421275,Desert Moon Resort,Debit Card,1.0,-0.17893456121001122,Car
Lyra Ivanova,0.3054168108250719,0,India,Nepal,0.03808665307887338,0.1473749547506473,-0.10494989152421275,Thamel Garden Inn,Digital Wallet,1.0,-0.4633869699921197,Flight
Mia Morales,0.3054168108250719,0,Malaysia,India,0.4149673713360961,0.7253292703856743,-0.10494989152421275,Pink City Residency,UPI,1.0,-0.500605042169218,Flight
Nolan Harron,0.3054168108250719,0,India,United Kingdom,-1.0925555016927948,-1.0085336765194068,-0.7867236143265409,Kensington Park Inn,UPI,1.0,1.1059750734755254,Flight
Norah Persaud,0.3054168108250719,0,Thailand,Nepal,1.5456095261077643,0.1473749547506473,2.6221449996851,Himalayan Heritage Hotel,UPI,1.0,0.4023762804132385,Flight
Silas Anderson,0.3054168108250719,1,Canada,India,0.4149673713360961,0.1473749547506473,0.5768238312781154,Heritage Delhi Inn,Credit Card,1.0,-0.35439118718776036,Flight
Yasmin Bakshi,0.3054168108250719,1,India,India,1.1687288078505416,0.7253292703856743,1.2585975540804435,Ganga Riverside Retreat,UPI,1.0,-0.5316201023167999,Flight
Yusuf Abe,0.3054168108250719,1,Malaysia,India,-1.4694362199500175,-1.586487992154434,-0.7867236143265409,Himalayan Mist Hotel,Net Banking,1.0,-1.0438116670397242,Flight
Zaina Calderon,0.3054168108250719,1,India,India,0.03808665307887338,0.7253292703856743,-0.7867236143265409,Himalayan Crown,EMI,0.0,-0.5245309457116384,Train
Zara Andrade,0.3054168108250719,1,India,India,-0.33879406517834937,0.1473749547506473,-0.7867236143265409,Mountain Pass Inn,UPI,1.0,-0.029176127925972815,Flight
Anaya Johansson,0.4132184309047634,1,India,Maldives,-1.4694362199500175,-1.586487992154434,-0.7867236143265409,Maldives Pearl Retreat,EMI,1.0,-0.6982152825380971,Flight
Ari Romano,0.4132184309047634,1,India,India,0.03808665307887338,0.7253292703856743,-0.7867236143265409,Island Bay Resort,UPI,0.0,-0.17804841663436602,Train
Arjun Delgado,0.4132184309047634,1,India,India,1.5456095261077643,0.1473749547506473,2.6221449996851,Amber Heritage Stay,UPI,1.0,-0.2356478140513039,Flight
Ava Rivera,0.4132184309047634,0,India,India,0.03808665307887338,0.7253292703856743,-0.7867236143265409,Golden Fort Camp,Credit Card,1.0,-0.4554116688113129,Train
Farah Moreira,0.4132184309047634,0,India,Sri Lanka,-1.0925555016927948,-1.0085336765194068,-0.7867236143265409,Lanka Pearl Resort,EMI,1.0,-0.7407502221690666,Flight
Freya Stewart,0.4132184309047634,1,India,Maldives,0.4149673713360961,-0.43057936088437976,1.2585975540804435,Maldives Pearl Retreat,UPI,1.0,1.8831238663163639,Flight
Imani Alston,0.4132184309047634,0,India,India,1.1687288078505416,2.459192217290756,-0.7867236143265409,Tea Garden Retreat,Net Banking,1.0,0.8897557970180973,Train
Ivy Brown,0.4132184309047634,0,India,France,0.4149673713360961,0.1473749547506473,0.5768238312781154,Montmartre Boutique Inn,Digital Wallet,,2.8552244657991457,Flight
Ivy Yamada,0.4132184309047634,1,India,India,-0.33879406517834937,0.1473749547506473,-0.7867236143265409,Harbour View Hotel,Digital Wallet,1.0,-0.953424920323914,Train
Jasper Bashir,0.4132184309047634,1,India,India,2.2993709626222096,1.3032835860207013,2.6221449996851,Backwater Grand,Digital Wallet,0.0,1.1715497720732702,Car
Kai Foley,0.4132184309047634,0,India,India,-0.33879406517834937,0.1473749547506473,-0.7867236143265409,Heritage Delhi Inn,UPI,1.0,-0.9162068481468157,Train
Kian Ocampo,0.4132184309047634,1,India,Sri Lanka,0.4149673713360961,0.1473749547506473,0.5768238312781154,Lanka Pearl Resort,UPI,1.0,-0.04601287486323157,Flight
Kian Rossi,0.4132184309047634,0,Canada,India,1.5456095261077643,2.459192217290756,-0.10494989152421275,Amber Heritage Stay,Credit Card,1.0,0.6194817014463119,Flight
Kiara Kumar,0.4132184309047634,1,Canada,India,1.5456095261077643,0.7253292703856743,1.9403712768827717,Cedar Heights,EMI,1.0,-0.46693154829470046,Flight
Liam Chen,0.4132184309047634,0,India,India,1.5456095261077643,0.7253292703856743,1.9403712768827717,Seabreeze Resort,UPI,1.0,-0.5059219096230891,Car
Luca Ocampo,0.4132184309047634,1,United Arab Emirates,India,0.03808665307887338,0.7253292703856743,-0.7867236143265409,Royal Courtyard Udaipur,Credit Card,1.0,0.4723817018892091,Flight
Nia Bakshi,0.4132184309047634,1,Australia,India,-1.4694362199500175,-1.586487992154434,-0.7867236143265409,Tea Garden Retreat,EMI,1.0,-0.8630381736081039,Flight
Niko Amini,0.4132184309047634,1,Canada,India,1.5456095261077643,1.3032835860207013,1.2585975540804435,Tea Garden Retreat,Debit Card,1.0,0.004497365948544697,Flight
Noah Ocampo,0.4132184309047634,0,Malaysia,India,1.5456095261077643,1.8812379016557284,0.5768238312781154,Himalayan Mist Hotel,UPI,1.0,-0.20020203102549597,Flight
Oliver Verma,0.4132184309047634,1,Thailand,India,-0.33879406517834937,0.1473749547506473,-0.7867236143265409,Aravalli Palace Inn,UPI,1.0,-0.5865610660068021,Flight
Omari Bashir,0.4132184309047634,1,Singapore,India,-0.33879406517834937,0.1473749547506473,-0.7867236143265409,Port Blair Retreat,Net Banking,1.0,0.13210218484145317,Flight
Priya Abe,0.4132184309047634,0,India,India,1.1687288078505416,2.459192217290756,-0.7867236143265409,Golden Fort Camp,Credit Card,1.0,0.9801425437339074,Flight
Rohan Fitzgerald,0.4132184309047634,0,Singapore,Sri Lanka,-1.0925555016927948,-1.0085336765194068,-0.7867236143265409,Colombo Ocean Hotel,Digital Wallet,1.0,-0.746953234198583,Flight
Ronan Flynn,0.4132184309047634,1,Sri Lanka,India,1.5456095261077643,1.3032835860207013,1.2585975540804435,Snow Pine Retreat,Debit Card,1.0,1.543730493844253,Flight
Salma Ivanova,0.4132184309047634,1,Thailand,Sri Lanka,1.1687288078505416,0.7253292703856743,1.2585975540804435,Lanka Pearl Resort,Net Banking,1.0,2.647866635098169,Flight
Salma Kassem,0.4132184309047634,1,India,India,1.1687288078505416,2.459192217290756,-0.7867236143265409,Temple View Inn,Digital Wallet,1.0,0.9633057967966486,Flight
Tara Mohammed,0.4132184309047634,0,India,India,0.03808665307887338,0.7253292703856743,-0.7867236143265409,Dal Lake Residency,Credit Card,1.0,0.008928088826770686,Train
Yasmin Ferraro,0.4132184309047634,1,India,India,-1.4694362199500175,-1.586487992154434,-0.7867236143265409,Marine Drive Residency,Credit Card,1.0,-0.8630381736081039,Flight
Yusuf Bakshi,0.4132184309047634,1,India,United Arab Emirates,-1.4694362199500175,-1.586487992154434,-0.7867236143265409,Desert Pearl Resort,UPI,1.0,0.005383510524189895,Flight
Zara Harron,0.4132184309047634,1,India,India,-0.7156747834355721,-0.43057936088437976,-0.7867236143265409,Spice Coast Hotel,Digital Wallet,1.0,-0.9206375710250417,Flight
Zara Schneider,0.4132184309047634,1,United States,India,-1.4694362199500175,-1.586487992154434,-0.7867236143265409,Yoga Valley Inn,Net Banking,1.0,-1.159896606449245,Flight
Zion Romero,0.4132184309047634,1,Malaysia,India,-1.0925555016927948,-1.0085336765194068,-0.7867236143265409,Connaught Residency,Digital Wallet,,-0.7930327521321332,Flight
Alina Chen,0.5210200509844549,1,Nepal,Sri Lanka,0.03808665307887338,0.7253292703856743,-0.7867236143265409,Lanka Pearl Resort,UPI,1.0,0.2269196544354893,Flight
Alina Desai,0.5210200509844549,1,Malaysia,India,-1.4694362199500175,-1.586487992154434,-0.7867236143265409,Riverstone Resort,Digital Wallet,1.0,-1.2830707024639276,Flight
Avani Sato,0.5210200509844549,1,India,India,0.03808665307887338,0.7253292703856743,-0.7867236143265409,Kashi Heritage Hotel,UPI,1.0,-1.078371305489887,Car
Callum Banerjee,0.5210200509844549,0,India,India,1.1687288078505416,0.7253292703856743,1.2585975540804435,Himalayan Mist Hotel,UPI,1.0,0.19147387140968142,Train
Cruz Schneider,0.5210200509844549,0,India,India,0.03808665307887338,0.7253292703856743,-0.7867236143265409,Coastal Pearl Inn,Debit Card,1.0,-0.28881648859001574,Car
Eren Rahman,0.5210200509844549,1,India,Thailand,0.03808665307887338,-0.43057936088437976,0.5768238312781154,Bangkok Garden Suites,Credit Card,1.0,1.6633600115563547,Flight
Hana Singh,0.5210200509844549,0,India,India,1.5456095261077643,0.7253292703856743,1.9403712768827717,Chinar Grand,Digital Wallet,1.0,0.8241810984203526,Car
Imani Ali,0.5210200509844549,1,India,Sri Lanka,1.5456095261077643,0.7253292703856743,1.9403712768827717,Lanka Pearl Resort,Digital Wallet,1.0,2.441394948972838,Flight
Jonah Harrington,0.5210200509844549,0,India,India,0.03808665307887338,0.7253292703856743,-0.7867236143265409,Lakeview Heritage Hotel,UPI,1.0,0.24641483509968368,Train
Lara Delgado,0.5210200509844549,0,India,India,0.03808665307887338,0.7253292703856743,-0.7867236143265409,Aravalli Palace Inn,Debit Card,1.0,0.3093310999704927,Train
Leo Hussain,0.5210200509844549,0,India,United Arab Emirates,0.03808665307887338,0.1473749547506473,-0.10494989152421275,Desert Pearl Resort,Net Banking,1.0,2.746228682994786,Flight
Liam Chen,0.5210200509844549,0,India,India,1.1687288078505416,1.3032835860207013,0.5768238312781154,Harbour View Hotel,UPI,1.0,0.5547931474242125,Car
Maira Zhang,0.5210200509844549,0,India,India,-1.0925555016927948,-1.0085336765194068,-0.7867236143265409,Mountain Pass Inn,Credit Card,1.0,-1.0641929922795637,Train
Malachi Schneider,0.5210200509844549,1,India,India,0.03808665307887338,0.1473749547506473,-0.10494989152421275,Ganga Ghat Residency,Net Banking,1.0,-0.8213893785527796,Car
Nina Shukla,0.5210200509844549,0,India,India,-0.33879406517834937,0.1473749547506473,-0.7867236143265409,Pink City Residency,Debit Card,1.0,-0.21969721168969034,Flight
Oscar Harrington,0.5210200509844549,0,India,India,0.03808665307887338,0.1473749547506473,-0.10494989152421275,Himalayan Crown,Digital Wallet,1.0,-0.43325805442018295,Flight
Zara Shukla,0.5210200509844549,1,Thailand,India,-1.0925555016927948,-1.0085336765194068,-0.7867236143265409,Tea Garden Retreat,Debit Card,1.0,-0.7398640775934214,Flight
Zayd Yamada,0.5210200509844549,0,Sri Lanka,Thailand,-1.4694362199500175,-1.586487992154434,-0.7867236143265409,Bangkok Garden Suites,UPI,1.0,-0.6521357646045468,Flight
Zion Nair,0.5210200509844549,1,India,India,-1.0925555016927948,-1.0085336765194068,-0.7867236143265409,Ladakh Horizon Hotel,Credit Card,0.0,-1.2263574496226348,Car
Alina Kassem,0.6288216710641465,1,India,Sri Lanka,0.03808665307887338,-0.43057936088437976,0.5768238312781154,Lanka Pearl Resort,Debit Card,1.0,0.0399431489743526,Flight
Anaya Qureshi,0.6288216710641465,0,India,India,-0.33879406517834937,0.1473749547506473,-0.7867236143265409,Palm Grove Hotel,Debit Card,,-1.0597622694013378,Train
Anjali Davis,0.6288216710641465,0,India,United Arab Emirates,0.4149673713360961,1.3032835860207013,-0.7867236143265409,Desert Pearl Resort,Digital Wallet,1.0,0.7603786889738984,Flight
Arjun Shepherd,0.6288216710641465,1,India,India,0.03808665307887338,-0.43057936088437976,0.5768238312781154,Tea Garden Retreat,EMI,1.0,-0.4527532350843773,Car
Ava Lambert,0.6288216710641465,0,India,Singapore,-0.33879406517834937,0.1473749547506473,-0.7867236143265409,Orchard Central Stay,UPI,1.0,1.4604329037336046,Flight
Hana Mori,0.6288216710641465,0,India,India,1.1687288078505416,2.459192217290756,-0.7867236143265409,Rajputana Grand,Debit Card,0.0,0.6061895328116339,Flight
Imani Banerjee,0.6288216710641465,1,India,India,-1.4694362199500175,-1.586487992154434,-0.7867236143265409,Pink City Residency,Net Banking,1.0,-1.3238333529436066,Car
Indira Romano,0.6288216710641465,0,Nepal,India,-1.0925555016927948,-1.0085336765194068,-0.7867236143265409,Fort Kochi Residency,Credit Card,1.0,-1.0207719080729492,Flight
Indira Yilmaz,0.6288216710641465,1,India,Indonesia,0.03808665307887338,0.7253292703856743,-0.7867236143265409,Bali Lotus Villas,EMI,1.0,0.4466835091954984,Flight
Jasper Aziz,0.6288216710641465,1,India,India,1.1687288078505416,0.7253292703856743,1.2585975540804435,Kashi Heritage Hotel,UPI,1.0,-0.6556803429071276,Car
Kai Takahashi,0.6288216710641465,1,Thailand,India,1.1687288078505416,0.7253292703856743,1.2585975540804435,Yoga Valley Inn,Credit Card,1.0,-0.50946648792567,Flight
Keenan Fontaine,0.6288216710641465,0,Sri Lanka,India,-1.4694362199500175,-1.586487992154434,-0.7867236143265409,Himalayan Vista,Credit Card,1.0,-1.213065280987957,Flight
Kiara Kassem,0.6288216710641465,0,India,India,1.5456095261077643,0.7253292703856743,1.9403712768827717,Beas Valley Resort,Debit Card,0.0,0.17552326904806786,Train
Leo Dubois,0.6288216710641465,1,India,Indonesia,0.03808665307887338,-0.43057936088437976,0.5768238312781154,Seminyak Beach Resort,Net Banking,,1.0102714593058442,Flight
Liora Dubois,0.6288216710641465,0,India,India,-0.33879406517834937,0.1473749547506473,-0.7867236143265409,Western Ghats Inn,Net Banking,1.0,-0.6432743188480948,Train
Maaya Nakamura,0.6288216710641465,1,India,India,1.1687288078505416,0.1473749547506473,1.9403712768827717,Rajputana Grand,EMI,1.0,-0.1895682961177536,Car
Mia Noorani,0.6288216710641465,0,India,India,-1.4694362199500175,-1.586487992154434,-0.7867236143265409,Coral Sands Hotel,Net Banking,1.0,-1.2236990158956993,Train
Oliver Zhang,0.6288216710641465,0,India,India,-1.4694362199500175,-1.586487992154434,-0.7867236143265409,Taj View Residency,UPI,1.0,-1.0260887755268202,Flight
Priya Bennett,0.6288216710641465,1,Nepal,Indonesia,0.03808665307887338,0.7253292703856743,-0.7867236143265409,Ubud Forest Retreat,UPI,1.0,2.0071841069066916,Flight
Rohan Alston,0.6288216710641465,0,India,India,-1.0925555016927948,-1.0085336765194068,-0.7867236143265409,Dal Lake Residency,UPI,1.0,-1.1244508234234372,Train
Saanvi Foley,0.6288216710641465,1,India,India,0.4149673713360961,0.7253292703856743,-0.10494989152421275,Harbour View Hotel,EMI,1.0,0.38376724432468934,Car
Talia Yamada,0.6288216710641465,0,India,India,0.4149673713360961,0.1473749547506473,0.5768238312781154,Indus Valley Retreat,Credit Card,1.0,-0.40135684969695584,Train
Zane Rossi,0.6288216710641465,1,India,Maldives,-1.4694362199500175,-1.586487992154434,-0.7867236143265409,Coral Lagoon Resort,Debit Card,1.0,0.3811088105977537,Flight
Anaya Calderon,0.7366232911438381,0,India,India,-0.33879406517834937,-1.0085336765194068,0.5768238312781154,Backwater Grand,Debit Card,1.0,-0.48819901811018523,Flight
Anjali Shukla,0.7366232911438381,1,United States,India,-0.7156747834355721,-0.43057936088437976,-0.7867236143265409,Western Ghats Inn,EMI,1.0,-0.3978122713943751,Flight
Ava Carter,0.7366232911438381,0,United Kingdom,India,0.03808665307887338,0.1473749547506473,-0.10494989152421275,Himalayan Vista,Digital Wallet,1.0,-0.12399359752000896,Flight
Avani Hollis,0.7366232911438381,1,India,India,-0.7156747834355721,-0.43057936088437976,-0.7867236143265409,Cedar Heights,Net Banking,1.0,-0.6982152825380971,Flight
Bodhi Gonzalez,0.7366232911438381,0,United Kingdom,India,-1.0925555016927948,-1.0085336765194068,-0.7867236143265409,Coral Sands Hotel,UPI,1.0,-1.007479739438271,Flight
Bodhi Takahashi,0.7366232911438381,1,India,India,0.03808665307887338,-0.43057936088437976,0.5768238312781154,Desert Moon Resort,EMI,1.0,-0.29324721146824173,Car
Elias Banerjee,0.7366232911438381,1,Australia,India,-0.33879406517834937,-0.43057936088437976,-0.10494989152421275,Beas Valley Resort,EMI,1.0,-0.7744237160435841,Flight
Esme Brown,0.7366232911438381,1,India,Indonesia,0.4149673713360961,-0.43057936088437976,1.2585975540804435,Seminyak Beach Resort,Net Banking,1.0,1.090024471113912,Flight
Esme Johansson,0.7366232911438381,0,India,India,-1.0925555016927948,-1.0085336765194068,-0.7867236143265409,Thar Heritage Hotel,Digital Wallet,1.0,-0.7194827523535818,Flight
Ezra Hussain,0.7366232911438381,1,India,Singapore,0.03808665307887338,0.1473749547506473,-0.10494989152421275,Orchard Central Stay,UPI,1.0,2.422785912884289,Flight
Hana Fitzgerald,0.7366232911438381,1,India,India,-1.4694362199500175,-1.586487992154434,-0.7867236143265409,Ganga Ghat Residency,Digital Wallet,0.0,-1.2919321482203796,Train
Ibrahim Patel,0.7366232911438381,0,India,Sri Lanka,0.03808665307887338,0.7253292703856743,-0.7867236143265409,Colombo Ocean Hotel,UPI,1.0,-0.04246829656065078,Flight
Isaac Mori,0.7366232911438381,1,Malaysia,Sri Lanka,-0.7156747834355721,-0.43057936088437976,-0.7867236143265409,Colombo Ocean Hotel,Credit Card,1.0,0.5415009787895345,Flight
Jace Hussain,0.7366232911438381,0,Canada,Thailand,-0.7156747834355721,-1.0085336765194068,-0.10494989152421275,Bangkok Garden Suites,Debit Card,1.0,0.08513652233225769,Flight
Jace Rossi,0.7366232911438381,0,Thailand,Sri Lanka,0.03808665307887338,0.7253292703856743,-0.7867236143265409,Colombo Ocean Hotel,UPI,1.0,0.5787190509666328,Flight
Kenzo Harrington,0.7366232911438381,0,India,India,0.03808665307887338,-0.43057936088437976,0.5768238312781154,Aravalli Palace Inn,EMI,1.0,-0.1558948022432361,Train
Kenzo Schneider,0.7366232911438381,0,Canada,Nepal,-0.33879406517834937,0.1473749547506473,-0.7867236143265409,Thamel Garden Inn,UPI,1.0,0.4626341115571119,Flight
Lila Rahman,0.7366232911438381,0,Malaysia,India,-1.4694362199500175,-1.586487992154434,-0.7867236143265409,Palm Grove Hotel,Digital Wallet,,-0.8940532337556858,Flight
Lyra Ocampo,0.7366232911438381,1,India,India,0.03808665307887338,0.7253292703856743,-0.7867236143265409,Gateway Grand,Digital Wallet,1.0,0.36781664196307573,Car
Maaya Bashir,0.7366232911438381,0,India,Thailand,0.03808665307887338,0.7253292703856743,-0.7867236143265409,Siam Riverside Hotel,UPI,1.0,1.220287723733756,Flight
Malachi Matthews,0.7366232911438381,1,India,India,0.03808665307887338,0.7253292703856743,-0.7867236143265409,Mountain Pass Inn,Digital Wallet,0.0,-0.572382752796479,Train
Mateo Chen,0.7366232911438381,1,India,United Kingdom,-1.0925555016927948,-1.0085336765194068,-0.7867236143265409,Thames Central Hotel,Net Banking,1.0,0.18704314853145543,Flight
Mia Foley,0.7366232911438381,0,India,Indonesia,0.03808665307887338,-0.43057936088437976,0.5768238312781154,Seminyak Beach Resort,Credit Card,1.0,2.20124976897299,Flight
Micah Aziz,0.7366232911438381,1,India,Sri Lanka,1.1687288078505416,0.1473749547506473,1.9403712768827717,Lanka Pearl Resort,UPI,0.0,2.122382901740567,Flight
Milan Desai,0.7366232911438381,1,India,Thailand,1.1687288078505416,0.1473749547506473,1.9403712768827717,Siam Riverside Hotel,Digital Wallet,1.0,2.5503907317771977,Flight
Noah Kowalski,0.7366232911438381,0,India,India,-1.4694362199500175,-1.586487992154434,-0.7867236143265409,Mountain Pass Inn,Net Banking,1.0,-1.2653478109510237,Car
Noor Banerjee,0.7366232911438381,1,India,Nepal,0.4149673713360961,0.1473749547506473,0.5768238312781154,Kathmandu Valley Suites,UPI,,-0.04601287486323157,Flight
Omari O'Connor,0.7366232911438381,0,India,Indonesia,0.4149673713360961,-0.43057936088437976,1.2585975540804435,Seminyak Beach Resort,UPI,1.0,1.4028335063166666,Flight
Omari Romano,0.7366232911438381,0,Nepal,Singapore,-0.33879406517834937,-1.0085336765194068,0.5768238312781154,Sentosa Bay Resort,Digital Wallet,1.0,0.8676021826269673,Flight
Oscar Johansson,0.7366232911438381,1,India,India,0.4149673713360961,0.7253292703856743,-0.10494989152421275,Desert Moon Resort,Digital Wallet,,0.06741363081935374,Car
Remy Anderson,0.7366232911438381,0,United Arab Emirates,India,0.03808665307887338,0.7253292703856743,-0.7867236143265409,Capital Grand Hotel,UPI,1.0,-0.24450925980775587,Flight
Remy Delgado,0.7366232911438381,1,India,India,0.03808665307887338,0.1473749547506473,-0.10494989152421275,Snow Pine Retreat,Credit Card,1.0,-0.8781026313940722,Car
Saanvi Brown,0.7366232911438381,1,United Arab Emirates,Sri Lanka,-1.4694362199500175,-1.586487992154434,-0.7867236143265409,Colombo Ocean Hotel,Digital Wallet,1.0,-0.6468188971506756,Flight
Silas Flynn,0.7366232911438381,1,India,India,-0.33879406517834937,0.1473749547506473,-0.7867236143265409,Mall Road Retreat,EMI,1.0,-0.6503634754532565,Car
Talia Duarte,0.7366232911438381,0,India,India,1.1687288078505416,2.459192217290756,-0.7867236143265409,Himalayan Mist Hotel,UPI,1.0,0.7692401347303504,Train
Zara Laurent,0.7366232911438381,0,India,India,1.1687288078505416,0.7253292703856743,1.2585975540804435,Golden Fort Camp,EMI,1.0,-0.24893998268598186,Train
Zayd Hayes,0.7366232911438381,1,India,India,0.03808665307887338,0.7253292703856743,-0.7867236143265409,Kashmir Blossom Hotel,EMI,1.0,-0.3659110666711479,Flight
Zayd Kassem,0.7366232911438381,1,India,India,-1.0925555016927948,-1.0085336765194068,-0.7867236143265409,Taj View Residency,Net Banking,1.0,-1.2201544375931186,Train
Amir Patel,0.8444249112235296,1,India,Thailand,0.4149673713360961,0.7253292703856743,-0.10494989152421275,Siam Riverside Hotel,EMI,1.0,1.0979997722947186,Flight
Amira Banerjee,0.8444249112235296,1,India,India,-1.4694362199500175,-1.586487992154434,-0.7867236143265409,Heritage Delhi Inn,EMI,1.0,-1.2485110640137649,Flight
Andre Nair,0.8444249112235296,0,India,India,0.03808665307887338,0.7253292703856743,-0.7867236143265409,Tea Hills Resort,Credit Card,1.0,-1.0021628719843998,Car
Avani Castro,0.8444249112235296,1,Sri Lanka,India,0.03808665307887338,0.7253292703856743,-0.7867236143265409,Beas Valley Resort,UPI,1.0,-0.5032634758961536,Flight
Chloe Sterling,0.8444249112235296,1,India,India,-0.33879406517834937,0.1473749547506473,-0.7867236143265409,Capital Grand Hotel,Debit Card,1.0,-0.5138972108038959,Train
Cruz Banerjee,0.8444249112235296,0,India,India,2.2993709626222096,2.459192217290756,1.2585975540804435,Yoga Valley Inn,Net Banking,1.0,0.48833230425082264,Car
Dante Wells,0.8444249112235296,1,Singapore,India,-1.4694362199500175,-1.586487992154434,-0.7867236143265409,Taj View Residency,EMI,1.0,-1.0119104623164972,Flight
Dhruv Hussain,0.8444249112235296,0,India,Indonesia,0.03808665307887338,0.7253292703856743,-0.7867236143265409,Ubud Forest Retreat,UPI,0.0,2.503425069268002,Flight
Dhruv Romero,0.8444249112235296,1,India,India,-1.4694362199500175,-1.586487992154434,-0.7867236143265409,Coastal Pearl Inn,Net Banking,1.0,-1.240535762832958,Flight
Elijah Kowalski,0.8444249112235296,0,India,India,0.4149673713360961,0.1473749547506473,0.5768238312781154,Tea Hills Resort,UPI,1.0,-0.182479139512592,Flight
Farah Darwish,0.8444249112235296,0,India,Indonesia,0.4149673713360961,1.3032835860207013,-0.7867236143265409,Bali Lotus Villas,Credit Card,0.0,2.1604871184933105,Flight
Farah Kapoor,0.8444249112235296,1,India,India,0.03808665307887338,0.7253292703856743,-0.7867236143265409,Himalayan Crown,EMI,0.0,-0.04867130859016717,Train
Gemma Moreira,0.8444249112235296,1,India,United Kingdom,0.03808665307887338,0.7253292703856743,-0.7867236143265409,London Heritage Suites,Digital Wallet,1.0,2.1463088052829877,Flight
Hana Shepherd,0.8444249112235296,0,Nepal,India,1.1687288078505416,0.1473749547506473,1.9403712768827717,Mall Road Retreat,Credit Card,0.0,0.1170377270554848,Flight
Hiba Yilmaz,0.8444249112235296,1,India,India,1.5456095261077643,0.7253292703856743,1.9403712768827717,Dal Lake Residency,Credit Card,1.0,0.6806256771658306,Car
Idris Kapoor,0.8444249112235296,0,India,Indonesia,0.03808665307887338,0.7253292703856743,-0.7867236143265409,Ubud Forest Retreat,Credit Card,1.0,1.8680594085303954,Flight
Imani Hussain,0.8444249112235296,1,India,India,1.5456095261077643,1.3032835860207013,1.2585975540804435,Gateway Grand,Net Banking,1.0,1.5915823009290937,Flight
Isaac Sato,0.8444249112235296,1,India,India,-0.33879406517834937,0.1473749547506473,-0.7867236143265409,Ganga Riverside Retreat,UPI,1.0,-0.7177104632022915,Train
Jace Barrett,0.8444249112235296,0,India,India,2.6762516808794325,2.459192217290756,1.9403712768827717,Port Blair Retreat,Credit Card,1.0,0.26502387118823284,Car
Kai Amini,0.8444249112235296,1,India,India,1.1687288078505416,0.7253292703856743,1.2585975540804435,Thar Heritage Hotel,EMI,0.0,-0.5564321504348655,Car
Keenan Hayes,0.8444249112235296,0,India,India,0.7918480895933189,0.7253292703856743,0.5768238312781154,Harbour View Hotel,Debit Card,1.0,-0.6370713068185785,Train
Kenzo Delgado,0.8444249112235296,0,United Kingdom,India,1.5456095261077643,0.7253292703856743,1.9403712768827717,Aravalli Palace Inn,UPI,1.0,0.5158027860958238,Flight
Kenzo Persaud,0.8444249112235296,0,United Kingdom,Sri Lanka,1.1687288078505416,0.7253292703856743,1.2585975540804435,Lanka Pearl Resort,EMI,1.0,0.5104859186419526,Flight
Milan Kumar,0.8444249112235296,1,India,India,0.03808665307887338,-0.43057936088437976,0.5768238312781154,Temple View Inn,EMI,1.0,-0.21703877796275473,Train
Niko Yilmaz,0.8444249112235296,1,Thailand,India,0.03808665307887338,0.7253292703856743,-0.7867236143265409,Chinar Grand,UPI,1.0,0.3137618228487187,Flight
Nina Dupont,0.8444249112235296,1,Canada,India,0.03808665307887338,0.7253292703856743,-0.7867236143265409,Island Bay Resort,UPI,1.0,1.1892726635861741,Flight
Norah Mendez,0.8444249112235296,1,India,Nepal,-1.0925555016927948,-1.0085336765194068,-0.7867236143265409,Kathmandu Valley Suites,UPI,1.0,-0.7699929931653581,Flight
Norah Rahman,0.8444249112235296,0,India,India,-1.4694362199500175,-1.586487992154434,-0.7867236143265409,Yoga Valley Inn,Debit Card,1.0,-1.3194026300653807,Train
Norah Yilmaz,0.8444249112235296,0,United Arab Emirates,India,-1.0925555016927948,-1.0085336765194068,-0.7867236143265409,Marine Drive Residency,UPI,1.0,-1.0854604620950485,Flight
Oliver Singh,0.8444249112235296,1,India,India,0.4149673713360961,-0.43057936088437976,1.2585975540804435,Cedar Heights,Debit Card,1.0,-0.9410188962648812,Train
Omari Noorani,0.8444249112235296,1,India,India,1.1687288078505416,0.1473749547506473,1.9403712768827717,Tea Hills Resort,Credit Card,1.0,-0.5520014275566395,Train
Rohan Ocampo,0.8444249112235296,0,India,Thailand,-1.0925555016927948,-1.0085336765194068,-0.7867236143265409,Siam Riverside Hotel,Net Banking,0.0,-0.0017056460809716865,Flight
Ronan Khan,0.8444249112235296,0,Nepal,France,-1.4694362199500175,-1.586487992154434,-0.7867236143265409,Montmartre Boutique Inn,Credit Card,1.0,-0.4146490183316338,Flight
Ronan Noorani,0.8444249112235296,0,Australia,India,-0.7156747834355721,-0.43057936088437976,-0.7867236143265409,Misty Valley Retreat,UPI,1.0,-0.7212550415048722,Flight
Silas Hussain,0.8444249112235296,0,Singapore,India,-1.0925555016927948,-1.0085336765194068,-0.7867236143265409,Mughal Garden Hotel,Credit Card,1.0,-1.2334466062277964,Flight
Sofia Andrade,0.8444249112235296,0,Singapore,India,-0.33879406517834937,0.1473749547506473,-0.7867236143265409,Himalayan Vista,Digital Wallet,0.0,-0.35882191006598635,Flight
Suri Reddy,0.8444249112235296,0,United States,India,0.03808665307887338,-0.43057936088437976,0.5768238312781154,Yamuna Heritage Inn,EMI,,-0.8931670891800406,Flight
Tara Kim,0.8444249112235296,1,India,India,1.5456095261077643,0.7253292703856743,1.9403712768827717,Tea Garden Retreat,Credit Card,1.0,-0.4465502230548609,Car
Yasmin Vaughn,0.8444249112235296,1,Sri Lanka,Indonesia,-0.33879406517834937,0.1473749547506473,-0.7867236143265409,Seminyak Beach Resort,Digital Wallet,1.0,1.3390310968702124,Flight
Yusuf O'Connor,0.8444249112235296,1,India,India,1.1687288078505416,0.1473749547506473,1.9403712768827717,Ladakh Horizon Hotel,Digital Wallet,0.0,-0.0717110675569423,Car
Zara Zuniga,0.8444249112235296,0,United States,India,0.4149673713360961,0.1473749547506473,0.5768238312781154,Ladakh Horizon Hotel,Digital Wallet,1.0,0.7577202552469627,Flight
Alina Johansson,0.9522265313032211,1,Australia,India,-1.4694362199500175,-1.586487992154434,-0.7867236143265409,Beas Valley Resort,UPI,1.0,-1.2369911845303774,Flight
Amara Kumar,0.9522265313032211,1,India,India,-0.33879406517834937,-1.0085336765194068,0.5768238312781154,Seabreeze Resort,Digital Wallet,0.0,-0.6725170898443864,Flight
Anjali Fontaine,0.9522265313032211,1,United Arab Emirates,India,0.03808665307887338,0.1473749547506473,-0.10494989152421275,Thar Heritage Hotel,Digital Wallet,1.0,-0.5599767287374462,Flight
Anjali Lin,0.9522265313032211,0,India,Indonesia,0.03808665307887338,-0.43057936088437976,0.5768238312781154,Ubud Forest Retreat,Digital Wallet,0.0,1.1910449527374645,Flight
Ayden Andrade,0.9522265313032211,1,Australia,India,1.1687288078505416,0.1473749547506473,1.9403712768827717,Mountain Pass Inn,Digital Wallet,0.0,0.2685684494908136,Flight
Caleb Mehta,0.9522265313032211,0,United Kingdom,India,1.5456095261077643,0.7253292703856743,1.9403712768827717,Misty Valley Retreat,Credit Card,1.0,0.8002551948779323,Flight
Cruz Aziz,0.9522265313032211,0,India,India,-1.0925555016927948,-1.0085336765194068,-0.7867236143265409,Himalayan Crown,Net Banking,1.0,-1.1731887750839232,Car
Cruz Sterling,0.9522265313032211,0,Canada,India,-0.33879406517834937,0.1473749547506473,-0.7867236143265409,Seabreeze Resort,UPI,1.0,-0.7274580535343886,Flight
Esme Rossi,0.9522265313032211,1,Canada,France,-1.4694362199500175,-1.586487992154434,-0.7867236143265409,Seine Riverside Hotel,Credit Card,,0.261479292885652,Flight
Hana Lin,0.9522265313032211,0,Australia,India,-1.0925555016927948,-1.0085336765194068,-0.7867236143265409,Beas Valley Resort,Net Banking,1.0,-0.8027803424642305,Flight
Idris Zuniga,0.9522265313032211,0,India,India,0.4149673713360961,0.1473749547506473,0.5768238312781154,Kashi Heritage Hotel,Digital Wallet,1.0,-0.48554058438324965,Car
Ivy Hussain,0.9522265313032211,1,United States,India,-1.4694362199500175,-1.586487992154434,-0.7867236143265409,Kanchenjunga View Inn,Debit Card,1.0,-1.0367225104345625,Flight
Ivy Shepherd,0.9522265313032211,1,Nepal,United Arab Emirates,1.5456095261077643,1.8812379016557284,0.5768238312781154,Desert Pearl Resort,Digital Wallet,1.0,1.8095738665378125,Flight
Jace Shepherd,0.9522265313032211,1,India,Sri Lanka,0.03808665307887338,0.1473749547506473,-0.10494989152421275,Lanka Pearl Resort,Credit Card,1.0,1.5277798914826395,Flight
Luca Castro,0.9522265313032211,0,Sri Lanka,India,0.03808665307887338,0.7253292703856743,-0.7867236143265409,Snow Pine Retreat,Debit Card,,0.355410617904043,Flight
Maaya Khan,0.9522265313032211,1,Malaysia,India,-1.0925555016927948,-1.0085336765194068,-0.7867236143265409,Thar Heritage Hotel,Debit Card,,-1.1536935944197286,Flight
Maira Carter,0.9522265313032211,1,India,India,0.7918480895933189,0.7253292703856743,0.5768238312781154,Kashi Heritage Hotel,Digital Wallet,1.0,0.359841340782269,Flight
Malachi Anderson,0.9522265313032211,1,India,Indonesia,-0.33879406517834937,0.1473749547506473,-0.7867236143265409,Seminyak Beach Resort,Digital Wallet,1.0,-0.12133516379307338,Flight
Mira Chen,0.9522265313032211,0,India,Indonesia,0.03808665307887338,0.1473749547506473,-0.10494989152421275,Bali Lotus Villas,UPI,1.0,2.8472491646183387,Flight
Nia Fitzgerald,0.9522265313032211,0,India,India,0.03808665307887338,0.7253292703856743,-0.7867236143265409,Tea Garden Retreat,Credit Card,1.0,-0.36856950039808356,Train
Noor Anderson,0.9522265313032211,0,United States,India,-0.33879406517834937,0.1473749547506473,-0.7867236143265409,Aravalli Palace Inn,Net Banking,1.0,-0.8399984146413287,Flight
Noor Zuniga,0.9522265313032211,0,India,India,3.4300131173938784,3.037146532925783,2.6221449996851,Rajputana Grand,Debit Card,,0.7754431467598667,Train
Norah Kowalski,0.9522265313032211,1,India,India,-0.33879406517834937,-1.0085336765194068,0.5768238312781154,Heritage Delhi Inn,UPI,1.0,-0.7761960051948745,Train
Oliver Anderson,0.9522265313032211,0,India,India,0.03808665307887338,0.7253292703856743,-0.7867236143265409,Palm Grove Hotel,UPI,0.0,-0.35882191006598635,Train
Oliver O'Connor,0.9522265313032211,1,India,France,-1.0925555016927948,-1.0085336765194068,-0.7867236143265409,Montmartre Boutique Inn,EMI,1.0,0.06298290794112775,Flight
Priya Dubois,0.9522265313032211,0,Australia,India,-1.4694362199500175,-1.586487992154434,-0.7867236143265409,Coral Sands Hotel,Debit Card,1.0,-1.0296333538294011,Flight
Remy Mendez,0.9522265313032211,1,Nepal,India,-1.0925555016927948,-1.0085336765194068,-0.7867236143265409,Kashi Heritage Hotel,Debit Card,1.0,-1.2112929918366666,Flight
Sofia Patel,0.9522265313032211,0,Canada,Singapore,1.1687288078505416,0.7253292703856743,1.2585975540804435,Marina Garden Hotel,Credit Card,1.0,2.8764919356146303,Flight
Suri Johansson,0.9522265313032211,0,India,India,-0.33879406517834937,0.1473749547506473,-0.7867236143265409,Yoga Valley Inn,UPI,,-0.27818275368227335,Flight
Zayd Lim,0.9522265313032211,0,India,United Arab Emirates,-0.33879406517834937,0.1473749547506473,-0.7867236143265409,Desert Pearl Resort,EMI,0.0,1.068757001298427,Flight
Zion Harrington,0.9522265313032211,0,United States,India,-1.0925555016927948,-1.0085336765194068,-0.7867236143265409,Gateway Grand,Credit Card,1.0,-0.7567008245306801,Flight
Ari Moreira,1.0600281513829126,0,India,India,1.1687288078505416,1.3032835860207013,0.5768238312781154,Indus Valley Retreat,EMI,1.0,-0.6672002223905151,Car
Avani Yilmaz,1.0600281513829126,0,India,India,-1.0925555016927948,-1.0085336765194068,-0.7867236143265409,Aravalli Palace Inn,UPI,1.0,-0.8063249207668112,Flight
Ayden Bakshi,1.0600281513829126,1,Australia,Nepal,-0.33879406517834937,0.1473749547506473,-0.7867236143265409,Thamel Garden Inn,Debit Card,1.0,0.22337507613290852,Flight
Cruz Matthews,1.0600281513829126,0,India,India,-1.0925555016927948,-1.0085336765194068,-0.7867236143265409,Coral Sands Hotel,Digital Wallet,1.0,-0.7584731136819706,Flight
Dhruv Andrade,1.0600281513829126,1,India,United Arab Emirates,0.4149673713360961,0.1473749547506473,0.5768238312781154,Desert Pearl Resort,UPI,0.0,3.1015726578285103,Flight
Elijah Coleman,1.0600281513829126,1,India,India,1.1687288078505416,0.7253292703856743,1.2585975540804435,Capital Grand Hotel,EMI,0.0,6.664307031870883e-05,Flight
Elise Atkinson,1.0600281513829126,1,India,India,-1.4694362199500175,-1.586487992154434,-0.7867236143265409,Mall Road Retreat,Credit Card,1.0,-1.0083658840139162,Car
Hana Romano,1.0600281513829126,1,Malaysia,Indonesia,-1.4694362199500175,-1.586487992154434,-0.7867236143265409,Seminyak Beach Resort,UPI,1.0,-0.8426568483682643,Flight
Hiba Walker,1.0600281513829126,1,Canada,India,0.03808665307887338,0.7253292703856743,-0.7867236143265409,Kanchenjunga View Inn,UPI,1.0,-0.24450925980775587,Flight
Idris Andrade,1.0600281513829126,0,Nepal,India,3.0531323991366555,3.037146532925783,1.9403712768827717,Port Blair Retreat,Debit Card,1.0,1.6828551922205492,Flight
Ivy Yilmaz,1.0600281513829126,0,India,Indonesia,-1.0925555016927948,-1.0085336765194068,-0.7867236143265409,Seminyak Beach Resort,Debit Card,1.0,-0.5201002228334124,Flight
Kiara Singh,1.0600281513829126,0,India,India,0.03808665307887338,-1.0085336765194068,1.2585975540804435,Kashi Heritage Hotel,Digital Wallet,1.0,-0.44920865678179656,Flight
Micah Khan,1.0600281513829126,0,India,United Arab Emirates,-1.0925555016927948,-1.0085336765194068,-0.7867236143265409,Marina Skyline Hotel,UPI,1.0,0.21539977495210175,Flight
Micah Mori,1.0600281513829126,1,India,India,-0.33879406517834937,-0.43057936088437976,-0.10494989152421275,Himalayan Crown,Debit Card,1.0,-0.877216486818427,Train
Niko Coleman,1.0600281513829126,1,Sri Lanka,India,-0.33879406517834937,0.1473749547506473,-0.7867236143265409,Heritage Delhi Inn,UPI,1.0,-0.9720339564124632,Flight
Norah Noorani,1.0600281513829126,1,India,India,-1.4694362199500175,-1.586487992154434,-0.7867236143265409,Gateway Grand,UPI,0.0,-1.096980341578436,Train
Oscar Romano,1.0600281513829126,1,India,Thailand,-1.0925555016927948,-1.0085336765194068,-0.7867236143265409,Siam Riverside Hotel,UPI,1.0,-0.7531562462280993,Flight
Thiago Kassem,1.0600281513829126,1,India,India,0.03808665307887338,-0.43057936088437976,0.5768238312781154,Seabreeze Resort,Digital Wallet,1.0,0.21539977495210175,Car
Yasmin Zuniga,1.0600281513829126,1,Canada,Maldives,-1.4694362199500175,-1.586487992154434,-0.7867236143265409,Maldives Pearl Retreat,EMI,1.0,0.1515973655056475,Flight
Aisha Singh,1.1678297714626042,1,India,India,0.7918480895933189,0.7253292703856743,0.5768238312781154,Mughal Garden Hotel,EMI,1.0,1.0714154350253626,Train
Dhruv Richardson,1.1678297714626042,1,India,India,0.03808665307887338,0.7253292703856743,-0.7867236143265409,Seabreeze Resort,UPI,1.0,-0.630868294789062,Car
Elias Nakamura,1.1678297714626042,0,India,Nepal,-1.0925555016927948,-1.0085336765194068,-0.7867236143265409,Himalayan Heritage Hotel,Digital Wallet,1.0,-0.7930327521321332,Flight
Eren Desai,1.1678297714626042,1,Canada,India,0.7918480895933189,0.7253292703856743,0.5768238312781154,Beas Valley Resort,Credit Card,1.0,-0.5014911867448631,Flight
Gemma Romano,1.1678297714626042,1,United Kingdom,India,0.4149673713360961,-0.43057936088437976,1.2585975540804435,Aravalli Palace Inn,Credit Card,1.0,0.4333913405608204,Flight
Ibrahim Joshi,1.1678297714626042,0,Singapore,India,-1.0925555016927948,-1.0085336765194068,-0.7867236143265409,Heritage Delhi Inn,Digital Wallet,0.0,-0.7558146799550349,Flight
Imani Pereira,1.1678297714626042,1,Malaysia,India,-0.33879406517834937,-0.43057936088437976,-0.10494989152421275,Riverstone Resort,Credit Card,1.0,-0.8984839566339118,Flight
Isaac Castro,1.1678297714626042,1,India,India,0.7918480895933189,0.1473749547506473,1.2585975540804435,Temple View Inn,EMI,1.0,-0.6255514273351909,Train
Jasper Johansson,1.1678297714626042,0,India,India,-0.7156747834355721,-0.43057936088437976,-0.7867236143265409,Marine Drive Residency,Digital Wallet,1.0,-0.06373576637613552,Car
Kai Moreira,1.1678297714626042,0,India,India,0.4149673713360961,0.7253292703856743,-0.10494989152421275,Golden Fort Camp,Credit Card,1.0,-0.05576046519532875,Car
Lara Castro,1.1678297714626042,0,India,India,-0.33879406517834937,0.1473749547506473,-0.7867236143265409,Coral Sands Hotel,UPI,1.0,-0.6884676922059999,Car
Mateo Reyes,1.1678297714626042,1,India,India,-0.33879406517834937,-1.0085336765194068,0.5768238312781154,Kashmir Blossom Hotel,Net Banking,,-0.8648104627593942,Car
Milan Atkinson,1.1678297714626042,1,United Kingdom,India,0.4149673713360961,1.3032835860207013,-0.7867236143265409,Himalayan Crown,UPI,1.0,-0.09209239279678186,Flight
Priya Persaud,1.1678297714626042,0,India,Indonesia,1.5456095261077643,0.7253292703856743,1.9403712768827717,Seminyak Beach Resort,Credit Card,1.0,3.1033449469798007,Flight
Rami Mendez,1.1678297714626042,1,India,United Arab Emirates,0.4149673713360961,0.7253292703856743,-0.10494989152421275,Marina Skyline Hotel,Digital Wallet,,0.5928973641769559,Flight
Rami Silva,1.1678297714626042,0,India,India,0.03808665307887338,0.7253292703856743,-0.7867236143265409,Indus Valley Retreat,UPI,1.0,-0.3278068499184044,Train
Reina Chen,1.1678297714626042,0,Canada,India,1.5456095261077643,1.8812379016557284,0.5768238312781154,Pink City Residency,Net Banking,1.0,0.3297124252103323,Flight
Rohan Dubois,1.1678297714626042,0,Singapore,India,-1.0925555016927948,-1.0085336765194068,-0.7867236143265409,Rajputana Grand,Credit Card,1.0,-1.1129309439400497,Flight
Zayd Becker,1.1678297714626042,1,India,Thailand,-1.4694362199500175,-1.586487992154434,-0.7867236143265409,Bangkok Garden Suites,UPI,1.0,-0.5706104636451886,Flight
Zion Yamada,1.1678297714626042,1,India,India,-1.4694362199500175,-1.586487992154434,-0.7867236143265409,Mughal Garden Hotel,Digital Wallet,1.0,-1.0154550406190779,Train
Aisha Barrett,1.2756313915422957,1,India,India,1.1687288078505416,1.3032835860207013,0.5768238312781154,Tea Hills Resort,UPI,1.0,-0.6406158851211592,Car
Aisha Verma,1.2756313915422957,1,United States,Indonesia,1.1687288078505416,0.7253292703856743,1.2585975540804435,Bali Lotus Villas,EMI,1.0,2.342146756500576,Flight
Anjali Lin,1.2756313915422957,1,India,Sri Lanka,0.4149673713360961,-0.43057936088437976,1.2585975540804435,Colombo Ocean Hotel,UPI,1.0,0.8605130260218057,Flight
Bodhi Nakamura,1.2756313915422957,1,India,India,0.03808665307887338,-0.43057936088437976,0.5768238312781154,Mountain Pass Inn,Net Banking,0.0,-0.4740207048998621,Car
Farah Romano,1.2756313915422957,1,Singapore,India,0.03808665307887338,0.1473749547506473,-0.10494989152421275,Himalayan Mist Hotel,EMI,1.0,-0.8196170894014891,Flight
Freya Kim,1.2756313915422957,1,United Kingdom,India,-1.4694362199500175,-1.586487992154434,-0.7867236143265409,Ganga Riverside Retreat,Digital Wallet,1.0,-1.2192682930174734,Flight
Jonah Kassem,1.2756313915422957,1,India,India,1.5456095261077643,3.037146532925783,-0.7867236143265409,Ganga Ghat Residency,EMI,1.0,0.5725160389371164,Car
Leo Persaud,1.2756313915422957,1,Singapore,India,2.2993709626222096,3.037146532925783,0.5768238312781154,Spice Coast Hotel,UPI,1.0,0.2809744735498464,Flight
Lila Abdul,1.2756313915422957,1,United Arab Emirates,India,0.03808665307887338,0.7253292703856743,-0.7867236143265409,Tea Garden Retreat,UPI,1.0,-0.7620176919845513,Flight
Lila Noorani,1.2756313915422957,0,India,India,1.1687288078505416,0.1473749547506473,1.9403712768827717,Marine Drive Residency,Credit Card,,1.4595467591579594,Train
Luca Abdul,1.2756313915422957,1,Malaysia,India,-1.0925555016927948,-1.0085336765194068,-0.7867236143265409,Taj View Residency,Credit Card,1.0,-1.0748267271873062,Flight
Lyra Duarte,1.2756313915422957,1,United Kingdom,India,-1.0925555016927948,-1.0085336765194068,-0.7867236143265409,Harbour View Hotel,Digital Wallet,1.0,-0.8063249207668112,Flight
Maaya Clarke,1.2756313915422957,1,United States,India,-1.0925555016927948,-1.586487992154434,-0.10494989152421275,Taj View Residency,UPI,1.0,-0.8364538363387479,Flight
Mia Matthews,1.2756313915422957,0,India,Sri Lanka,-1.0925555016927948,-1.0085336765194068,-0.7867236143265409,Colombo Ocean Hotel,Net Banking,1.0,-0.7602454028332609,Flight
Nia Moreira,1.2756313915422957,1,United Arab Emirates,India,-1.0925555016927948,-1.0085336765194068,-0.7867236143265409,Pink City Residency,Net Banking,1.0,-0.966717088958592,Flight
Oliver Bennett,1.2756313915422957,1,India,India,0.03808665307887338,0.7253292703856743,-0.7867236143265409,Fort Kochi Residency,UPI,1.0,-0.04246829656065078,Flight
Oliver Ferraro,1.2756313915422957,0,India,India,0.7918480895933189,0.7253292703856743,0.5768238312781154,Backwater Grand,UPI,0.0,0.10020098011822605,Train
Priya Saeed,1.2756313915422957,0,India,India,-1.4694362199500175,-1.586487992154434,-0.7867236143265409,Temple View Inn,UPI,1.0,-1.0748267271873062,Train
Zaina Abdul,1.2756313915422957,1,United States,Maldives,0.03808665307887338,0.7253292703856743,-0.7867236143265409,Maldives Pearl Retreat,UPI,1.0,2.543301575172036,Flight
Zane Shah,1.2756313915422957,0,India,Indonesia,0.03808665307887338,0.1473749547506473,-0.10494989152421275,Ubud Forest Retreat,Debit Card,1.0,0.34123230469371985,Flight
Aisha Lin,1.3834330116219873,1,Nepal,India,1.1687288078505416,0.7253292703856743,1.2585975540804435,Amber Heritage Stay,Net Banking,1.0,0.22603350985984413,Flight
Ayden Laurent,1.3834330116219873,1,Nepal,India,-1.0925555016927948,-1.0085336765194068,-0.7867236143265409,Gateway Grand,Credit Card,1.0,-1.07039600430908,Flight
Bodhi Ferraro,1.3834330116219873,0,India,India,1.1687288078505416,1.3032835860207013,0.5768238312781154,Indus Valley Retreat,Credit Card,1.0,1.381566036501182,Car
Dante Harron,1.3834330116219873,1,Thailand,Indonesia,-1.0925555016927948,-1.0085336765194068,-0.7867236143265409,Seminyak Beach Resort,Credit Card,1.0,-0.626437571910836,Flight
Elias Lambert,1.3834330116219873,0,Malaysia,India,0.03808665307887338,0.7253292703856743,-0.7867236143265409,Seabreeze Resort,Debit Card,,-0.5794719094016406,Flight
Ezra Atkinson,1.3834330116219873,0,India,Sri Lanka,-1.0925555016927948,-1.0085336765194068,-0.7867236143265409,Lanka Pearl Resort,Debit Card,1.0,-0.7478393787742281,Flight
Ezra Hussain,1.3834330116219873,0,India,India,2.6762516808794325,2.459192217290756,1.9403712768827717,Riverstone Resort,Credit Card,1.0,-0.3809755244571163,Train
Farah Hollis,1.3834330116219873,0,India,India,0.03808665307887338,0.7253292703856743,-0.7867236143265409,Aravalli Palace Inn,Digital Wallet,0.0,-0.7185966077779367,Train
Farah Nakamura,1.3834330116219873,1,Canada,India,1.1687288078505416,0.7253292703856743,1.2585975540804435,Thar Heritage Hotel,Net Banking,,-0.44389178932792533,Flight
Ibrahim Lim,1.3834330116219873,1,India,India,1.1687288078505416,1.3032835860207013,0.5768238312781154,Kashmir Blossom Hotel,Credit Card,1.0,-0.3783170907301807,Train
Jasper Moreira,1.3834330116219873,1,India,India,-0.7156747834355721,-0.43057936088437976,-0.7867236143265409,Fort Kochi Residency,Debit Card,1.0,-0.9055731132390733,Flight
Kairo Schneider,1.3834330116219873,1,India,India,1.1687288078505416,0.7253292703856743,1.2585975540804435,Kashi Heritage Hotel,Credit Card,1.0,0.45643109952759553,Car
Liam Andrade,1.3834330116219873,1,India,India,1.5456095261077643,0.7253292703856743,1.9403712768827717,Taj View Residency,Net Banking,1.0,-0.01145323641306886,Car
Liam Flynn,1.3834330116219873,0,India,India,1.1687288078505416,1.8812379016557284,-0.10494989152421275,Ladakh Horizon Hotel,EMI,,0.8365871224793854,Train
Liora Reyes,1.3834330116219873,0,India,Indonesia,1.5456095261077643,0.7253292703856743,1.9403712768827717,Bali Lotus Villas,UPI,1.0,1.6270280839549016,Flight
Maaya Kim,1.3834330116219873,1,Nepal,Singapore,-0.33879406517834937,0.1473749547506473,-0.7867236143265409,Orchard Central Stay,Digital Wallet,1.0,1.695261216279582,Flight
Mateo Dupont,1.3834330116219873,1,India,India,-1.4694362199500175,-1.586487992154434,-0.7867236143265409,Himalayan Vista,Net Banking,1.0,-1.168758052205697,Car
Oliver Fitzgerald,1.3834330116219873,0,India,India,-1.0925555016927948,-1.0085336765194068,-0.7867236143265409,Golden Fort Camp,Digital Wallet,1.0,-0.702646005416323,Train
Omari Yilmaz,1.3834330116219873,1,United States,India,1.5456095261077643,0.7253292703856743,1.9403712768827717,Amber Heritage Stay,UPI,1.0,0.5609961594537288,Flight
Ronan Zhang,1.3834330116219873,1,Malaysia,India,0.7918480895933189,0.7253292703856743,0.5768238312781154,Cedar Heights,Net Banking,1.0,1.1697774829219796,Flight
Saanvi Noorani,1.3834330116219873,1,Thailand,India,-0.7156747834355721,-1.0085336765194068,-0.10494989152421275,Chinar Grand,UPI,1.0,-0.3038809463759841,Flight
Silas Ocampo,1.3834330116219873,1,India,India,0.03808665307887338,0.7253292703856743,-0.7867236143265409,Himalayan Crown,Digital Wallet,1.0,-0.02031468216952084,Flight
Sofia Gonzalez,1.3834330116219873,1,India,India,-1.4694362199500175,-1.586487992154434,-0.7867236143265409,Seabreeze Resort,UPI,1.0,-1.2343327508034416,Car
Sofia Qureshi,1.3834330116219873,1,India,Nepal,-0.33879406517834937,0.1473749547506473,-0.7867236143265409,Himalayan Heritage Hotel,Digital Wallet,1.0,-0.2595737175937242,Flight
Tara Nakamura,1.3834330116219873,1,India,India,0.03808665307887338,0.1473749547506473,-0.10494989152421275,Rajputana Grand,Net Banking,1.0,0.019561823734513057,Train
Yasmin Dubois,1.3834330116219873,0,Malaysia,India,0.4149673713360961,0.7253292703856743,-0.10494989152421275,Kashi Heritage Hotel,Net Banking,1.0,-0.18425142866388242,Flight
Zara Richardson,1.3834330116219873,0,India,India,1.1687288078505416,0.1473749547506473,1.9403712768827717,Taj View Residency,Credit Card,1.0,0.21894435325468253,Flight
Zayd Dubois,1.3834330116219873,1,India,India,1.5456095261077643,0.1473749547506473,2.6221449996851,Himalayan Vista,Digital Wallet,,0.5955557979038916,Flight
Zion Fitzgerald,1.3834330116219873,1,Nepal,India,0.03808665307887338,0.7253292703856743,-0.7867236143265409,Amber Heritage Stay,EMI,1.0,-0.3809755244571163,Flight
Alia Schneider,1.4912346317016787,0,India,India,-1.0925555016927948,-1.0085336765194068,-0.7867236143265409,Fort Kochi Residency,Net Banking,1.0,-1.096980341578436,Car
Ari Patel,1.4912346317016787,0,United States,United Kingdom,0.03808665307887338,0.7253292703856743,-0.7867236143265409,Kensington Park Inn,UPI,,2.5601383221092946,Flight
Arjun Ivanova,1.4912346317016787,0,United Arab Emirates,India,-1.4694362199500175,-1.586487992154434,-0.7867236143265409,Misty Valley Retreat,EMI,0.0,-1.0739405826116608,Flight
Chloe Castro,1.4912346317016787,1,India,Nepal,-1.0925555016927948,-1.0085336765194068,-0.7867236143265409,Kathmandu Valley Suites,EMI,1.0,-0.9498803420213332,Flight
Ibrahim Clarke,1.4912346317016787,1,India,India,0.4149673713360961,0.7253292703856743,-0.10494989152421275,Himalayan Mist Hotel,UPI,1.0,-0.9241821493276225,Car
Idris Castro,1.4912346317016787,1,Australia,India,-0.33879406517834937,0.1473749547506473,-0.7867236143265409,Tea Hills Resort,Digital Wallet,0.0,-0.6831508247521287,Flight
Isaac Romero,1.4912346317016787,0,India,India,0.7918480895933189,0.7253292703856743,0.5768238312781154,Connaught Residency,Digital Wallet,1.0,-0.7389779330177761,Train
Jace Fitzgerald,1.4912346317016787,1,Thailand,India,-1.0925555016927948,-1.0085336765194068,-0.7867236143265409,Ganga Riverside Retreat,EMI,1.0,-0.809869499069392,Flight
Kian Rossi,1.4912346317016787,0,India,India,0.4149673713360961,0.1473749547506473,0.5768238312781154,Golden Fort Camp,UPI,1.0,0.5025106174611458,Flight
Liora Nair,1.4912346317016787,1,India,India,0.4149673713360961,0.1473749547506473,0.5768238312781154,Ganga Ghat Residency,Digital Wallet,1.0,0.1967907388635526,Train
Mei Laurent,1.4912346317016787,1,Singapore,India,0.03808665307887338,0.7253292703856743,-0.7867236143265409,Spice Coast Hotel,Net Banking,1.0,-0.13551347700339655,Flight
Naomi Matthews,1.4912346317016787,1,India,India,1.1687288078505416,1.8812379016557284,-0.10494989152421275,Harbour View Hotel,Debit Card,1.0,1.292065434361017,Train
Omari Hollis,1.4912346317016787,0,Australia,United Arab Emirates,-1.0925555016927948,-1.0085336765194068,-0.7867236143265409,Desert Pearl Resort,Debit Card,1.0,-0.7230273306561626,Flight
Priya Nguyen,1.4912346317016787,1,India,India,0.03808665307887338,0.7253292703856743,-0.7867236143265409,Desert Moon Resort,Digital Wallet,1.0,-0.7620176919845513,Train
Remy Shepherd,1.4912346317016787,0,India,India,2.2993709626222096,2.459192217290756,1.2585975540804435,Connaught Residency,EMI,1.0,1.385996759379408,Train
Suri Singh,1.4912346317016787,1,Sri Lanka,India,-0.33879406517834937,-0.43057936088437976,-0.10494989152421275,Himalayan Vista,Credit Card,1.0,-0.653021909180192,Flight
Thiago Morales,1.4912346317016787,1,Thailand,United Arab Emirates,0.7918480895933189,0.7253292703856743,0.5768238312781154,Downtown Dubai Suites,EMI,0.0,2.9349774776072133,Flight
Thiago Yamada,1.4912346317016787,0,Sri Lanka,Nepal,-1.0925555016927948,-1.0085336765194068,-0.7867236143265409,Thamel Garden Inn,Digital Wallet,0.0,-0.6751755235713219,Flight
Zaina Flynn,1.4912346317016787,0,India,United Arab Emirates,-0.7156747834355721,-0.43057936088437976,-0.7867236143265409,Downtown Dubai Suites,Digital Wallet,1.0,1.1901588081618193,Flight
Amara Zhang,1.5990362517813703,0,India,India,-0.7156747834355721,-0.43057936088437976,-0.7867236143265409,Backwater Grand,EMI,1.0,-0.4421195001766349,Flight
Arjun Kassem,1.5990362517813703,1,India,India,3.0531323991366555,2.459192217290756,2.6221449996851,Tea Hills Resort,UPI,1.0,1.2442136272761763,Car
Avani Dupont,1.5990362517813703,1,India,India,1.1687288078505416,0.1473749547506473,1.9403712768827717,Misty Valley Retreat,UPI,,0.16488953414032548,Flight
Callum Mendez,1.5990362517813703,1,Sri Lanka,India,0.7918480895933189,1.3032835860207013,-0.10494989152421275,Western Ghats Inn,Credit Card,1.0,0.08602266690790289,Flight
Elias Schneider,1.5990362517813703,0,India,Sri Lanka,-0.33879406517834937,0.1473749547506473,-0.7867236143265409,Cinnamon Garden Stay,Digital Wallet,1.0,0.6903732674979277,Flight
Indira Darwish,1.5990362517813703,0,India,United Kingdom,0.03808665307887338,-0.43057936088437976,0.5768238312781154,Thames Central Hotel,UPI,1.0,2.710782899968978,Flight
Ivy Ali,1.5990362517813703,0,United Arab Emirates,India,-1.0925555016927948,-1.0085336765194068,-0.7867236143265409,Yoga Valley Inn,EMI,0.0,-1.24939720858941,Flight
Jonah Yamada,1.5990362517813703,1,India,India,-1.4694362199500175,-1.586487992154434,-0.7867236143265409,Capital Grand Hotel,UPI,1.0,-1.2777538350100563,Car
Leila Wells,1.5990362517813703,1,Sri Lanka,India,0.03808665307887338,0.7253292703856743,-0.7867236143265409,Rajputana Grand,UPI,1.0,-0.33932672940179204,Flight
Lila Gonzalez,1.5990362517813703,1,India,India,-1.0925555016927948,-1.0085336765194068,-0.7867236143265409,Tea Hills Resort,Digital Wallet,1.0,-1.2228128713200541,Car
Maira Barrett,1.5990362517813703,0,India,India,0.03808665307887338,0.1473749547506473,-0.10494989152421275,Temple View Inn,Credit Card,1.0,-0.17893456121001122,Car
Reina Johansson,1.5990362517813703,1,Nepal,India,-1.0925555016927948,-1.0085336765194068,-0.7867236143265409,Ganga Riverside Retreat,UPI,0.0,-0.8072110653424565,Flight
Ronan Calderon,1.5990362517813703,1,India,India,-1.0925555016927948,-1.0085336765194068,-0.7867236143265409,Kashi Heritage Hotel,Credit Card,1.0,-1.0562176910987569,Train
Saanvi Verma,1.5990362517813703,1,India,India,-0.33879406517834937,0.1473749547506473,-0.7867236143265409,Pink City Residency,Credit Card,0.0,-0.4580701025382485,Car
Suri Ivanova,1.5990362517813703,1,Malaysia,India,0.03808665307887338,0.7253292703856743,-0.7867236143265409,Capital Grand Hotel,Credit Card,0.0,0.06298290794112775,Flight
Tara Khan,1.5990362517813703,1,Nepal,Indonesia,0.03808665307887338,0.1473749547506473,-0.10494989152421275,Seminyak Beach Resort,UPI,1.0,1.256619651335209,Flight
Yusuf Lim,1.5990362517813703,0,United Kingdom,India,0.03808665307887338,-0.43057936088437976,0.5768238312781154,Coral Sands Hotel,Debit Card,0.0,0.9659642305235842,Flight
Yusuf Singh,1.5990362517813703,1,India,India,0.03808665307887338,0.7253292703856743,-0.7867236143265409,Gateway Grand,EMI,1.0,0.7488588094905108,Car
Zane Kim,1.5990362517813703,1,India,India,-1.4694362199500175,-1.586487992154434,-0.7867236143265409,Western Ghats Inn,EMI,1.0,-0.9995044382574643,Train
Zion Patel,1.5990362517813703,1,India,Sri Lanka,-1.0925555016927948,-1.0085336765194068,-0.7867236143265409,Cinnamon Garden Stay,EMI,1.0,-0.7504978125011638,Flight
Aisha Foley,1.706837871861062,0,Malaysia,India,-1.0925555016927948,-1.0085336765194068,-0.7867236143265409,Amber Heritage Stay,UPI,1.0,-1.1226785342721468,Flight
Amara Ali,1.706837871861062,0,United Arab Emirates,India,-1.0925555016927948,-1.0085336765194068,-0.7867236143265409,Misty Valley Retreat,UPI,0.0,-1.1740749196595683,Flight
Amir Mendez,1.706837871861062,0,India,India,-0.33879406517834937,0.1473749547506473,-0.7867236143265409,Thar Heritage Hotel,Debit Card,1.0,-0.44743636763050615,Car
Andre Duarte,1.706837871861062,1,United Arab Emirates,India,0.03808665307887338,0.1473749547506473,-0.10494989152421275,Ganga Riverside Retreat,UPI,1.0,-0.8922809446043953,Flight
Anjali Hayes,1.706837871861062,0,India,India,0.03808665307887338,0.1473749547506473,-0.10494989152421275,Dal Lake Residency,Net Banking,,0.696576279527444,Car
Ava Bennett,1.706837871861062,0,United Arab Emirates,India,1.1687288078505416,0.7253292703856743,1.2585975540804435,Fort Kochi Residency,Credit Card,1.0,-0.1488056456380745,Flight
Ava Zuniga,1.706837871861062,1,United States,United Arab Emirates,-1.0925555016927948,-1.0085336765194068,-0.7867236143265409,Downtown Dubai Suites,EMI,1.0,-0.13817191073033214,Flight
Ayden Bakshi,1.706837871861062,1,India,Indonesia,-1.0925555016927948,-1.0085336765194068,-0.7867236143265409,Bali Lotus Villas,Debit Card,,-0.31185624755679087,Flight
Bodhi Lim,1.706837871861062,1,Singapore,Thailand,0.7918480895933189,0.7253292703856743,0.5768238312781154,Sukhumvit Grand,UPI,1.0,1.588037722626513,Flight
Callum Hussain,1.706837871861062,1,Nepal,India,-0.33879406517834937,-1.0085336765194068,0.5768238312781154,Cedar Heights,EMI,1.0,-0.5892194997337378,Flight
Dante Hayes,1.706837871861062,0,India,India,1.1687288078505416,0.7253292703856743,1.2585975540804435,Taj View Residency,EMI,,-0.24007853692952988,Train
Dhruv Banerjee,1.706837871861062,0,United Arab Emirates,India,-0.33879406517834937,0.1473749547506473,-0.7867236143265409,Royal Courtyard Udaipur,UPI,1.0,-0.36059419921727676,Flight
Isabella Coleman,1.706837871861062,0,India,United Arab Emirates,-1.4694362199500175,-1.586487992154434,-0.7867236143265409,Downtown Dubai Suites,UPI,1.0,-0.2693213079258214,Flight
Isabella Khan,1.706837871861062,0,India,United Kingdom,-1.0925555016927948,-1.0085336765194068,-0.7867236143265409,London Heritage Suites,UPI,0.0,0.8153196526639006,Flight
Jace Shukla,1.706837871861062,0,United States,India,-1.0925555016927948,-1.586487992154434,-0.10494989152421275,Island Bay Resort,UPI,1.0,-0.6539080537558372,Flight
Kai Shah,1.706837871861062,0,India,Sri Lanka,0.7918480895933189,0.7253292703856743,0.5768238312781154,Lanka Pearl Resort,Net Banking,0.0,2.4998804909654213,Flight
Keenan Rivera,1.706837871861062,1,India,India,0.03808665307887338,-0.43057936088437976,0.5768238312781154,Snow Pine Retreat,UPI,1.0,-0.40933215087776265,Flight
Kenzo Qureshi,1.706837871861062,1,India,India,-0.33879406517834937,-0.43057936088437976,-0.10494989152421275,Amber Heritage Stay,UPI,1.0,-0.6149176924274485,Car
Kiara Ocampo,1.706837871861062,0,India,India,-1.4694362199500175,-1.586487992154434,-0.7867236143265409,Kashmir Blossom Hotel,Net Banking,1.0,-1.2325604616521513,Train
Lyra Bakshi,1.706837871861062,1,Sri Lanka,India,0.03808665307887338,0.7253292703856743,-0.7867236143265409,Port Blair Retreat,EMI,1.0,-0.0770279350108135,Flight
Mia Morales,1.706837871861062,1,Thailand,Singapore,-1.0925555016927948,-1.0085336765194068,-0.7867236143265409,Marina Garden Hotel,Credit Card,1.0,0.10374555842080684,Flight
Mia Yilmaz,1.706837871861062,0,Canada,India,1.5456095261077643,0.7253292703856743,1.9403712768827717,Royal Courtyard Udaipur,Digital Wallet,1.0,0.3252817023321063,Flight
Mira Persaud,1.706837871861062,0,India,India,-1.0925555016927948,-1.0085336765194068,-0.7867236143265409,Connaught Residency,UPI,1.0,-1.1714164859326326,Train
Nia Delgado,1.706837871861062,1,India,Thailand,-1.0925555016927948,-1.0085336765194068,-0.7867236143265409,Bangkok Garden Suites,Credit Card,1.0,-0.09918154940194343,Flight
Nina Rossi,1.706837871861062,1,India,Sri Lanka,0.7918480895933189,0.7253292703856743,0.5768238312781154,Colombo Ocean Hotel,Credit Card,1.0,2.5477322980502617,Flight
Remy Darwish,1.706837871861062,1,India,Singapore,0.03808665307887338,0.7253292703856743,-0.7867236143265409,Marina Garden Hotel,Debit Card,1.0,2.988146152145925,Flight
Rohan Fitzgerald,1.706837871861062,1,India,India,1.1687288078505416,0.7253292703856743,1.2585975540804435,Gateway Grand,EMI,1.0,0.18615700395581022,Flight
Suri Bashir,1.706837871861062,0,Sri Lanka,India,0.03808665307887338,-0.43057936088437976,0.5768238312781154,Tea Hills Resort,EMI,1.0,-0.2728658862284022,Flight
Suri Darwish,1.706837871861062,0,Singapore,India,0.03808665307887338,0.7253292703856743,-0.7867236143265409,Royal Courtyard Udaipur,UPI,1.0,-0.00436407980790728,Flight
Suri Noorani,1.706837871861062,1,India,Thailand,0.03808665307887338,-0.43057936088437976,0.5768238312781154,Siam Riverside Hotel,Debit Card,1.0,0.9331768812247119,Flight
Yasmin Lin,1.706837871861062,0,Sri Lanka,India,-1.0925555016927948,-1.0085336765194068,-0.7867236143265409,Gateway Grand,Debit Card,0.0,-1.0402670887371435,Flight
Zara Persaud,1.706837871861062,0,Sri Lanka,India,1.5456095261077643,1.3032835860207013,1.2585975540804435,Misty Valley Retreat,Debit Card,1.0,0.1631172449890351,Flight
Zayd Reddy,1.706837871861062,1,Nepal,India,0.03808665307887338,0.7253292703856743,-0.7867236143265409,Kanchenjunga View Inn,UPI,1.0,-0.550229138405349,Flight
